event,kickoff_time,team_h,team_a,team_h_difficulty,team_a_difficulty
7,2026-10-17T11:30:00Z,EVE,CHE,4,3
7,2026-10-17T14:00:00Z,BRE,LIV,4,3
7,2026-10-17T14:00:00Z,FUL,HUL,2,3
7,2026-10-17T14:00:00Z,MCI,IPS,2,5
7,2026-10-17T16:30:00Z,NEW,AVL,3,3
7,2026-10-18T13:00:00Z,BOU,SUN,3,3
7,2026-10-18T13:00:00Z,BHA,CRY,2,4
7,2026-10-18T13:00:00Z,LEE,MUN,4,3
7,2026-10-18T15:30:00Z,NFO,ARS,4,3
7,2026-10-19T19:00:00Z,TOT,COV,2,3
8,2026-10-23T19:00:00Z,IPS,NFO,3,2
8,2026-10-24T11:30:00Z,AVL,MCI,4,3
8,2026-10-24T14:00:00Z,ARS,EVE,3,5
8,2026-10-24T14:00:00Z,COV,FUL,2,2
8,2026-10-24T16:30:00Z,CHE,TOT,2,4
8,2026-10-25T14:00:00Z,CRY,NEW,3,3
8,2026-10-25T14:00:00Z,HUL,BRE,3,2
8,2026-10-25T14:00:00Z,LIV,BHA,3,4
8,2026-10-25T14:00:00Z,MUN,BOU,3,4
8,2026-10-25T16:30:00Z,SUN,LEE,3,3
9,2026-10-31T12:30:00Z,CHE,MUN,4,4
9,2026-10-31T15:00:00Z,BOU,LEE,3,3
9,2026-10-31T15:00:00Z,BRE,NFO,3,3
9,2026-10-31T15:00:00Z,COV,SUN,3,2
9,2026-10-31T15:00:00Z,HUL,IPS,2,2
9,2026-10-31T15:00:00Z,MCI,BHA,3,5
9,2026-10-31T17:30:00Z,TOT,CRY,2,3
9,2026-10-31T20:00:00Z,AVL,FUL,2,3
9,2026-11-01T16:30:00Z,LIV,ARS,4,4
9,2026-11-02T20:00:00Z,NEW,EVE,3,3
10,2026-11-06T20:00:00Z,EVE,COV,2,3
10,2026-11-07T12:30:00Z,LEE,TOT,2,3
10,2026-11-07T15:00:00Z,ARS,HUL,2,5
10,2026-11-07T15:00:00Z,FUL,NEW,3,3
10,2026-11-07T17:30:00Z,NFO,MCI,4,3
10,2026-11-08T14:00:00Z,BHA,BRE,3,4
10,2026-11-08T14:00:00Z,CRY,LIV,4,3
10,2026-11-08T14:00:00Z,IPS,BOU,3,2
10,2026-11-08T14:00:00Z,SUN,CHE,4,3
10,2026-11-08T16:30:00Z,MUN,AVL,3,4
11,2026-11-21T12:30:00Z,MCI,FUL,2,5
11,2026-11-21T15:00:00Z,AVL,SUN,3,3
11,2026-11-21T15:00:00Z,BOU,NFO,3,3
11,2026-11-21T15:00:00Z,CHE,LEE,3,4
11,2026-11-21T15:00:00Z,COV,CRY,2,2
11,2026-11-21T15:00:00Z,TOT,IPS,2,3
11,2026-11-21T17:30:00Z,NEW,ARS,4,3
11,2026-11-22T14:00:00Z,HUL,BHA,3,2
11,2026-11-22T16:30:00Z,LIV,MUN,4,4
11,2026-11-23T20:00:00Z,BRE,EVE,3,3
12,2026-11-27T20:00:00Z,NFO,CHE,4,3
12,2026-11-28T15:00:00Z,LEE,COV,2,3
12,2026-11-28T15:00:00Z,MUN,BRE,3,4
12,2026-11-28T17:30:00Z,IPS,AVL,3,2
12,2026-11-29T12:00:00Z,EVE,LIV,4,3
12,2026-11-29T14:05:00Z,BHA,NEW,3,4
12,2026-11-29T14:05:00Z,CRY,HUL,2,3
12,2026-11-29T14:05:00Z,FUL,BOU,3,3
12,2026-11-29T14:05:00Z,SUN,TOT,2,3
12,2026-11-29T16:30:00Z,ARS,MCI,4,5
13,2026-12-02T20:00:00Z,AVL,EVE,3,3
13,2026-12-02T20:00:00Z,BOU,BHA,3,3
13,2026-12-02T20:00:00Z,BRE,ARS,4,3
13,2026-12-02T20:00:00Z,CHE,CRY,2,4
13,2026-12-02T20:00:00Z,COV,IPS,2,2
13,2026-12-02T20:00:00Z,HUL,NFO,3,2
13,2026-12-02T20:00:00Z,LIV,SUN,3,4
13,2026-12-02T20:00:00Z,MCI,LEE,3,5
13,2026-12-02T20:00:00Z,NEW,MUN,4,3
13,2026-12-02T20:00:00Z,TOT,FUL,2,3
14,2026-12-05T15:00:00Z,AVL,CRY,2,3
14,2026-12-05T15:00:00Z,BOU,HUL,2,3
14,2026-12-05T15:00:00Z,BRE,MCI,4,3
14,2026-12-05T15:00:00Z,CHE,LIV,4,4
14,2026-12-05T15:00:00Z,EVE,FUL,2,3
14,2026-12-05T15:00:00Z,LEE,IPS,2,3
14,2026-12-05T15:00:00Z,MUN,COV,2,4
14,2026-12-05T15:00:00Z,NEW,SUN,3,3
14,2026-12-05T15:00:00Z,NFO,BHA,3,3
14,2026-12-05T15:00:00Z,TOT,ARS,4,3
15,2026-12-12T15:00:00Z,ARS,BOU,3,5
15,2026-12-12T15:00:00Z,BHA,EVE,3,4
15,2026-12-12T15:00:00Z,COV,AVL,3,2
15,2026-12-12T15:00:00Z,CRY,MUN,4,3
15,2026-12-12T15:00:00Z,FUL,BRE,3,3
15,2026-12-12T15:00:00Z,HUL,TOT,2,2
15,2026-12-12T15:00:00Z,IPS,NEW,3,2
15,2026-12-12T15:00:00Z,LIV,LEE,3,4
15,2026-12-12T15:00:00Z,MCI,CHE,4,5
15,2026-12-12T15:00:00Z,SUN,NFO,3,3
16,2026-12-19T15:00:00Z,ARS,MUN,4,5
16,2026-12-19T15:00:00Z,BOU,COV,2,3
16,2026-12-19T15:00:00Z,BRE,NEW,3,3
16,2026-12-19T15:00:00Z,BHA,IPS,2,4
16,2026-12-19T15:00:00Z,CHE,AVL,3,4
16,2026-12-19T15:00:00Z,LEE,FUL,2,3
16,2026-12-19T15:00:00Z,LIV,TOT,2,4
16,2026-12-19T15:00:00Z,MCI,HUL,2,5
16,2026-12-19T15:00:00Z,NFO,EVE,3,3
16,2026-12-19T15:00:00Z,SUN,CRY,2,3
17,2026-12-26T12:30:00Z,AVL,LEE,3,3
17,2026-12-26T15:00:00Z,EVE,SUN,3,3
17,2026-12-26T15:00:00Z,FUL,BHA,3,3
17,2026-12-26T15:00:00Z,IPS,BRE,3,2
17,2026-12-26T15:00:00Z,TOT,BOU,3,3
17,2026-12-26T17:30:00Z,HUL,LIV,4,2
17,2026-12-26T20:00:00Z,NEW,MCI,4,3
17,2026-12-27T14:00:00Z,COV,CHE,4,2
17,2026-12-27T16:30:00Z,MUN,NFO,3,4
17,2026-12-27T19:00:00Z,CRY,ARS,4,3
18,2026-12-29T19:30:00Z,HUL,LEE,3,2
18,2026-12-29T19:30:00Z,TOT,BHA,3,3
18,2026-12-29T20:15:00Z,EVE,MCI,4,3
18,2026-12-30T19:30:00Z,COV,BRE,3,2
18,2026-12-30T19:30:00Z,CRY,BOU,3,3
18,2026-12-30T19:30:00Z,FUL,ARS,4,3
18,2026-12-30T19:30:00Z,MUN,SUN,3,4
18,2026-12-30T19:30:00Z,NEW,NFO,3,3
18,2026-12-30T20:15:00Z,AVL,LIV,4,3
18,2026-12-30T20:15:00Z,IPS,CHE,4,2
19,2027-01-01T20:00:00Z,LEE,EVE,3,3
19,2027-01-02T12:30:00Z,BHA,MUN,4,4
19,2027-01-02T15:00:00Z,ARS,IPS,2,5
19,2027-01-02T15:00:00Z,BRE,CRY,2,3
19,2027-01-02T15:00:00Z,LIV,COV,2,4
19,2027-01-02T15:00:00Z,NFO,FUL,2,3
19,2027-01-02T15:00:00Z,SUN,HUL,2,3
19,2027-01-02T17:30:00Z,BOU,AVL,3,3
19,2027-01-03T14:00:00Z,CHE,NEW,3,4
19,2027-01-03T16:30:00Z,MCI,TOT,2,5
20,2027-01-05T19:30:00Z,ARS,BRE,3,5
20,2027-01-05T19:30:00Z,BHA,BOU,3,4
20,2027-01-05T19:30:00Z,EVE,AVL,3,3
20,2027-01-05T19:30:00Z,NFO,HUL,2,3
20,2027-01-05T20:15:00Z,SUN,LIV,4,3
20,2027-01-06T19:30:00Z,CRY,CHE,4,3
20,2027-01-06T19:30:00Z,FUL,TOT,2,3
20,2027-01-06T19:30:00Z,IPS,COV,2,2
20,2027-01-06T20:15:00Z,LEE,MCI,4,3
20,2027-01-07T20:00:00Z,MUN,NEW,3,4
21,2027-01-16T15:00:00Z,AVL,MUN,4,3
21,2027-01-16T15:00:00Z,BOU,IPS,2,3
21,2027-01-16T15:00:00Z,BRE,BHA,3,3
21,2027-01-16T15:00:00Z,CHE,SUN,3,4
21,2027-01-16T15:00:00Z,COV,EVE,3,2
21,2027-01-16T15:00:00Z,HUL,ARS,4,2
21,2027-01-16T15:00:00Z,LIV,CRY,2,4
21,2027-01-16T15:00:00Z,MCI,NFO,3,5
21,2027-01-16T15:00:00Z,NEW,FUL,2,3
21,2027-01-16T15:00:00Z,TOT,LEE,3,3
22,2027-01-23T15:00:00Z,ARS,NEW,3,5
22,2027-01-23T15:00:00Z,BHA,MCI,4,4
22,2027-01-23T15:00:00Z,CRY,TOT,2,3
22,2027-01-23T15:00:00Z,EVE,BRE,3,3
22,2027-01-23T15:00:00Z,FUL,AVL,3,3
22,2027-01-23T15:00:00Z,IPS,HUL,2,2
22,2027-01-23T15:00:00Z,LEE,CHE,4,3
22,2027-01-23T15:00:00Z,MUN,LIV,4,4
22,2027-01-23T15:00:00Z,NFO,BOU,3,3
22,2027-01-23T15:00:00Z,SUN,COV,2,3
23,2027-01-30T15:00:00Z,AVL,IPS,2,3
23,2027-01-30T15:00:00Z,BOU,FUL,2,3
23,2027-01-30T15:00:00Z,BRE,MUN,4,3
23,2027-01-30T15:00:00Z,CHE,NFO,3,4
23,2027-01-30T15:00:00Z,COV,LEE,3,2
23,2027-01-30T15:00:00Z,HUL,CRY,2,2
23,2027-01-30T15:00:00Z,LIV,EVE,3,4
23,2027-01-30T15:00:00Z,MCI,ARS,4,5
23,2027-01-30T15:00:00Z,NEW,BHA,3,3
23,2027-01-30T15:00:00Z,TOT,SUN,3,3
24,2027-02-06T15:00:00Z,ARS,LIV,4,5
24,2027-02-06T15:00:00Z,BHA,HUL,2,4
24,2027-02-06T15:00:00Z,CRY,COV,2,3
24,2027-02-06T15:00:00Z,EVE,NEW,3,3
24,2027-02-06T15:00:00Z,FUL,MCI,4,3
24,2027-02-06T15:00:00Z,IPS,TOT,2,2
24,2027-02-06T15:00:00Z,LEE,BOU,3,3
24,2027-02-06T15:00:00Z,MUN,CHE,4,4
24,2027-02-06T15:00:00Z,NFO,BRE,3,3
24,2027-02-06T15:00:00Z,SUN,AVL,3,3
25,2027-02-10T20:00:00Z,AVL,BOU,3,3
25,2027-02-10T20:00:00Z,COV,LIV,4,2
25,2027-02-10T20:00:00Z,CRY,BRE,3,3
25,2027-02-10T20:00:00Z,EVE,LEE,3,3
25,2027-02-10T20:00:00Z,FUL,NFO,3,3
25,2027-02-10T20:00:00Z,HUL,SUN,3,2
25,2027-02-10T20:00:00Z,IPS,ARS,4,2
25,2027-02-10T20:00:00Z,MUN,BHA,3,4
25,2027-02-10T20:00:00Z,NEW,CHE,4,3
25,2027-02-10T20:00:00Z,TOT,MCI,4,3
26,2027-02-20T15:00:00Z,ARS,FUL,2,5
26,2027-02-20T15:00:00Z,BOU,CRY,2,3
26,2027-02-20T15:00:00Z,BRE,COV,2,3
26,2027-02-20T15:00:00Z,BHA,TOT,2,4
26,2027-02-20T15:00:00Z,CHE,IPS,2,4
26,2027-02-20T15:00:00Z,LEE,AVL,3,3
26,2027-02-20T15:00:00Z,LIV,HUL,2,4
26,2027-02-20T15:00:00Z,MCI,NEW,3,5
26,2027-02-20T15:00:00Z,NFO,MUN,4,3
26,2027-02-20T15:00:00Z,SUN,EVE,3,3
27,2027-02-27T15:00:00Z,AVL,CHE,4,3
27,2027-02-27T15:00:00Z,COV,BOU,3,2
27,2027-02-27T15:00:00Z,CRY,SUN,3,3
27,2027-02-27T15:00:00Z,EVE,NFO,3,3
27,2027-02-27T15:00:00Z,FUL,LEE,3,3
27,2027-02-27T15:00:00Z,HUL,MCI,4,2
27,2027-02-27T15:00:00Z,IPS,BHA,3,2
27,2027-02-27T15:00:00Z,MUN,ARS,4,4
27,2027-02-27T15:00:00Z,NEW,BRE,3,3
27,2027-02-27T15:00:00Z,TOT,LIV,4,3
28,2027-03-03T20:00:00Z,ARS,CRY,2,5
28,2027-03-03T20:00:00Z,BOU,TOT,2,3
28,2027-03-03T20:00:00Z,BRE,IPS,2,3
28,2027-03-03T20:00:00Z,BHA,FUL,2,4
28,2027-03-03T20:00:00Z,CHE,COV,2,4
28,2027-03-03T20:00:00Z,LEE,HUL,2,3
28,2027-03-03T20:00:00Z,LIV,AVL,3,4
28,2027-03-03T20:00:00Z,MCI,EVE,3,5
28,2027-03-03T20:00:00Z,NFO,NEW,3,3
28,2027-03-03T20:00:00Z,SUN,MUN,4,3
29,2027-03-13T15:00:00Z,AVL,HUL,2,3
29,2027-03-13T15:00:00Z,BOU,NEW,3,3
29,2027-03-13T15:00:00Z,CHE,ARS,4,4
29,2027-03-13T15:00:00Z,COV,MCI,4,2
29,2027-03-13T15:00:00Z,CRY,FUL,2,3
29,2027-03-13T15:00:00Z,LEE,BHA,3,3
29,2027-03-13T15:00:00Z,LIV,IPS,2,4
29,2027-03-13T15:00:00Z,MUN,EVE,3,4
29,2027-03-13T15:00:00Z,TOT,NFO,3,3
29,2027-03-13T15:00:00Z,SUN,BRE,3,3
30,2027-03-20T15:00:00Z,ARS,SUN,3,5
30,2027-03-20T15:00:00Z,BRE,BOU,3,3
30,2027-03-20T15:00:00Z,BHA,COV,2,4
30,2027-03-20T15:00:00Z,EVE,TOT,2,3
30,2027-03-20T15:00:00Z,FUL,LIV,4,3
30,2027-03-20T15:00:00Z,HUL,CHE,4,2
30,2027-03-20T15:00:00Z,IPS,CRY,2,2
30,2027-03-20T15:00:00Z,MCI,MUN,4,5
30,2027-03-20T15:00:00Z,NEW,LEE,3,3
30,2027-03-20T15:00:00Z,NFO,AVL,3,3
31,2027-04-10T14:00:00Z,AVL,BHA,3,3
31,2027-04-10T14:00:00Z,BOU,MCI,4,3
31,2027-04-10T14:00:00Z,CHE,FUL,2,4
31,2027-04-10T14:00:00Z,COV,ARS,4,2
31,2027-04-10T14:00:00Z,CRY,EVE,3,3
31,2027-04-10T14:00:00Z,LEE,NFO,3,3
31,2027-04-10T14:00:00Z,LIV,NEW,3,4
31,2027-04-10T14:00:00Z,MUN,HUL,2,4
31,2027-04-10T14:00:00Z,TOT,BRE,3,3
31,2027-04-10T14:00:00Z,SUN,IPS,2,3
32,2027-04-17T14:00:00Z,ARS,AVL,3,5
32,2027-04-17T14:00:00Z,BRE,LEE,3,3
32,2027-04-17T14:00:00Z,BHA,CHE,4,4
32,2027-04-17T14:00:00Z,EVE,BOU,3,3
32,2027-04-17T14:00:00Z,FUL,SUN,3,3
32,2027-04-17T14:00:00Z,HUL,COV,2,2
32,2027-04-17T14:00:00Z,IPS,MUN,4,2
32,2027-04-17T14:00:00Z,MCI,CRY,2,5
32,2027-04-17T14:00:00Z,NEW,TOT,2,3
32,2027-04-17T14:00:00Z,NFO,LIV,4,3
33,2027-04-24T14:00:00Z,AVL,COV,2,3
33,2027-04-24T14:00:00Z,BOU,ARS,4,3
33,2027-04-24T14:00:00Z,BRE,FUL,2,3
33,2027-04-24T14:00:00Z,CHE,MCI,4,4
33,2027-04-24T14:00:00Z,EVE,BHA,3,3
33,2027-04-24T14:00:00Z,LEE,LIV,4,3
33,2027-04-24T14:00:00Z,MUN,CRY,2,4
33,2027-04-24T14:00:00Z,NEW,IPS,2,3
33,2027-04-24T14:00:00Z,NFO,SUN,3,3
33,2027-04-24T14:00:00Z,TOT,HUL,2,3
34,2027-05-01T14:00:00Z,ARS,TOT,2,5
34,2027-05-01T14:00:00Z,BHA,NFO,3,4
34,2027-05-01T14:00:00Z,COV,MUN,4,2
34,2027-05-01T14:00:00Z,CRY,AVL,3,3
34,2027-05-01T14:00:00Z,FUL,EVE,3,3
34,2027-05-01T14:00:00Z,HUL,BOU,3,2
34,2027-05-01T14:00:00Z,IPS,LEE,3,2
34,2027-05-01T14:00:00Z,LIV,CHE,4,4
34,2027-05-01T14:00:00Z,MCI,BRE,3,5
34,2027-05-01T14:00:00Z,SUN,NEW,3,3
35,2027-05-08T14:00:00Z,BOU,MUN,4,3
35,2027-05-08T14:00:00Z,BRE,AVL,3,3
35,2027-05-08T14:00:00Z,BHA,SUN,3,4
35,2027-05-08T14:00:00Z,EVE,HUL,2,3
35,2027-05-08T14:00:00Z,FUL,IPS,2,3
35,2027-05-08T14:00:00Z,LEE,ARS,4,3
35,2027-05-08T14:00:00Z,MCI,LIV,4,5
35,2027-05-08T14:00:00Z,NEW,COV,2,3
35,2027-05-08T14:00:00Z,NFO,CRY,2,3
35,2027-05-08T14:00:00Z,TOT,CHE,4,3
36,2027-05-15T14:00:00Z,ARS,NFO,3,5
36,2027-05-15T14:00:00Z,AVL,NEW,3,3
36,2027-05-15T14:00:00Z,CHE,EVE,3,4
36,2027-05-15T14:00:00Z,COV,TOT,2,2
36,2027-05-15T14:00:00Z,CRY,BHA,3,3
36,2027-05-15T14:00:00Z,HUL,FUL,2,2
36,2027-05-15T14:00:00Z,IPS,MCI,4,2
36,2027-05-15T14:00:00Z,LIV,BRE,3,4
36,2027-05-15T14:00:00Z,MUN,LEE,3,4
36,2027-05-15T14:00:00Z,SUN,BOU,3,3
37,2027-05-23T14:00:00Z,BOU,CHE,4,3
37,2027-05-23T14:00:00Z,BRE,HUL,2,3
37,2027-05-23T14:00:00Z,BHA,LIV,4,4
37,2027-05-23T14:00:00Z,EVE,ARS,4,3
37,2027-05-23T14:00:00Z,FUL,COV,2,3
37,2027-05-23T14:00:00Z,LEE,SUN,3,3
37,2027-05-23T14:00:00Z,MCI,AVL,3,5
37,2027-05-23T14:00:00Z,NEW,CRY,2,3
37,2027-05-23T14:00:00Z,NFO,IPS,2,3
37,2027-05-23T14:00:00Z,TOT,MUN,4,3
38,2027-05-30T15:00:00Z,ARS,BHA,3,5
38,2027-05-30T15:00:00Z,AVL,TOT,2,3
38,2027-05-30T15:00:00Z,CHE,BRE,3,4
38,2027-05-30T15:00:00Z,COV,NFO,3,2
38,2027-05-30T15:00:00Z,CRY,LEE,3,3
38,2027-05-30T15:00:00Z,HUL,NEW,3,2
38,2027-05-30T15:00:00Z,IPS,EVE,3,2
38,2027-05-30T15:00:00Z,LIV,BOU,3,4
38,2027-05-30T15:00:00Z,MUN,FUL,2,4
38,2027-05-30T15:00:00Z,SUN,MCI,4,3
