id,web_name,first_name,second_name,team,position,now_cost_m,total_points,points_per_game,form,selected_by_percent,status,chance_of_playing_next_round,news,minutes,goals_scored,assists,clean_sheets,bonus,ict_index,expected_goals,expected_assists,expected_goal_involvements,expected_goals_conceded
1,Raya,David,Raya Martín,ARS,GKP,6.1,30,6.0,7.5,42.3,a,,,450,0,0,3,3,10.6,0.00,0.01,0.01,4.03
2,Arrizabalaga,Kepa,Arrizabalaga Revuelta,ARS,GKP,4.9,0,0.0,0.0,0.1,a,,,0,0,0,0,0,0.0,0.00,0.00,0.00,0.00
3,Meslier,Illan,Meslier,ARS,GKP,4.9,0,0.0,0.0,0.0,a,,,0,0,0,0,0,0.0,0.00,0.00,0.00,0.00
4,Gabriel,Gabriel,dos Santos Magalhães,ARS,DEF,8.0,25,5.0,5.0,22.7,a,,,450,0,0,3,2,20.0,0.51,0.20,0.71,4.03
5,J.Timber,Jurriën,Timber,ARS,DEF,6.5,1,0.5,0.5,0.4,a,100,,104,0,0,0,0,1.5,0.00,0.03,0.03,2.18
6,Saliba,William,Saliba,ARS,DEF,5.9,0,0.0,0.0,0.2,i,0,Back injury - Unknown return date,0,0,0,0,0,0.0,0.00,0.00,0.00,0.00
7,Lewis-Skelly,Myles,Lewis-Skelly,ARS,MID,5.4,9,2.2,0.5,0.6,a,,,271,0,0,2,0,7.0,0.16,0.23,0.39,1.02
8,Calafiori,Riccardo,Calafiori,ARS,DEF,5.9,29,5.8,3.5,50.5,a,,,416,0,2,3,2,19.1,0.67,0.62,1.29,3.76
9,Hincapie,Piero,Hincapié,ARS,DEF,5.2,2,1.0,0.0,0.9,a,,,32,0,0,0,0,1.0,0.00,0.00,0.00,0.28
10,White,Benjamin,White,ARS,DEF,5.5,21,5.2,0.5,4.8,d,75,Groin injury - 75% chance of playing,315,0,1,2,3,15.2,0.18,0.29,0.47,1.15
11,Mosquera,Cristhian,Mosquera,ARS,DEF,5.3,12,6.0,0.0,1.6,a,100,,168,0,0,2,0,2.7,0.00,0.01,0.01,0.53
12,Saka,Bukayo,Saka,ARS,MID,9.6,32,6.4,5.0,14.1,a,,,416,3,0,3,4,52.1,3.22,0.98,4.20,3.58
13,Rice,Declan,Rice,ARS,MID,7.4,20,4.0,3.5,11.5,d,75,Unspecified injury - 75% chance of playing,411,0,2,3,0,23.4,0.12,0.69,0.81,3.50
14,Eze,Eberechi,Eze,ARS,MID,6.2,4,1.0,1.0,1.0,a,,,85,0,0,0,0,1.6,0.04,0.09,0.13,1.33
15,Ødegaard,Martin,Ødegaard,ARS,MID,6.8,29,5.8,2.5,19.8,a,,,377,2,0,3,6,36.2,1.08,1.32,2.40,3.23
16,Madueke,Noni,Madueke,ARS,MID,6.2,2,1.0,0.0,0.2,a,,,23,0,0,0,0,5.6,0.00,0.05,0.05,0.15
17,Merino,Mikel,Merino Zazón,ARS,MID,5.7,4,0.8,1.0,0.4,a,,,81,0,0,0,0,3.0,0.14,0.15,0.29,0.96
18,Martinelli,Gabriel,Martinelli Silva,ARS,MID,6.3,0,0.0,0.0,0.1,u,0,Has joined Al Hilal permanently,0,0,0,0,0,0.0,0.00,0.00,0.00,0.00
19,Zubimendi,Martín,Zubimendi Ibáñez,ARS,MID,5.3,5,1.0,1.0,0.6,a,,,89,0,0,0,0,4.8,0.21,0.04,0.25,1.38
20,Dowman,Max,Dowman,ARS,MID,5.3,1,1.0,0.5,0.1,d,75,Unspecified injury - 75% chance of playing,9,0,0,0,0,1.7,0.00,0.08,0.08,0.31
22,Nwaneri,Ethan,Nwaneri,ARS,MID,5.4,0,0.0,0.0,0.0,u,0,Has joined Borussia Dortmund on loan for the rest of the season,0,0,0,0,0,0.0,0.00,0.00,0.00,0.00
23,Fábio Vieira,Fábio,Ferreira Vieira,ARS,MID,5.5,0,0.0,0.0,0.0,u,0,Has joined Hamburger SV permanently,0,0,0,0,0,0.0,0.00,0.00,0.00,0.00
24,Nelson,Reiss,Nelson,ARS,MID,5.5,0,0.0,0.0,0.0,u,0,has departed the club as a free agent.,0,0,0,0,0,0.0,0.00,0.00,0.00,0.00
25,Gyökeres,Viktor,Gyökeres,ARS,FWD,7.1,2,1.0,0.5,3.2,a,,,29,0,0,0,0,1.4,0.00,0.23,0.23,0.65
26,Havertz,Kai,Havertz,ARS,FWD,7.6,19,3.8,1.5,8.1,d,75,Hamstring injury - 75% chance of playing,437,2,0,3,2,32.6,1.67,0.37,2.04,3.91
27,G.Jesus,Gabriel,Fernando de Jesus,ARS,FWD,5.9,0,0.0,0.0,0.1,u,0,Has joined FC Barcelona permanently,0,0,0,0,0,0.0,0.00,0.00,0.00,0.00
31,Konsa,Ezri,Konsa Ngoyo,ARS,DEF,4.6,12,3.0,3.5,19.2,d,75,Unspecified injury - 75% chance of playing,281,0,0,1,0,7.3,0.23,0.02,0.25,3.50
452,Bruno G.,Bruno,Guimarães Rodriguez Moura,ARS,MID,6.7,9,3.0,4.0,1.8,a,100,,123,1,0,0,1,6.6,0.09,0.16,0.25,2.18
557,Tzolis,Christos,Tzolis,ARS,MID,6.3,16,3.2,2.5,11.8,d,75,Hamstring injury - 75% chance of playing,362,0,2,2,1,21.8,0.19,0.55,0.74,2.73
29,M.Bizot,Marco,Bizot,AVL,GKP,4.5,1,1.0,0.0,0.1,i,0,Back injury - Expected back 10 Oct,90,0,0,0,0,2.8,0.00,0.00,0.00,3.77
30,Digne,Lucas,Digne,AVL,DEF,4.5,0,0.0,0.0,0.0,u,0,Has joined Paris Saint-Germain permanently,0,0,0,0,0,0.0,0.00,0.00,0.00,0.00
32,Cash,Matty,Cash,AVL,DEF,4.4,6,1.5,-0.5,4.8,a,100,,296,0,0,1,0,7.2,0.15,0.04,0.19,5.95
33,Mings,Tyrone,Mings,AVL,DEF,4.5,10,2.5,1.5,0.4,a,,,261,0,0,1,0,8.2,0.20,0.02,0.22,4.43
34,Pau,Pau,Torres,AVL,DEF,4.4,3,1.0,0.5,0.3,i,0,Hamstring injury - Expected back 10 Oct,187,0,0,0,0,1.5,0.00,0.01,0.01,4.79
35,Bogarde,Lamare,Bogarde,AVL,MID,4.9,1,1.0,0.0,0.1,a,,,16,0,0,0,0,0.3,0.00,0.00,0.00,0.22
36,Maatsen,Ian,Maatsen,AVL,DEF,4.4,9,2.2,0.5,0.5,i,0,Ankle injury - Unknown return date,335,0,0,1,1,10.2,0.28,0.45,0.73,6.54
37,Lindelöf,Victor,Lindelöf,AVL,DEF,4.5,8,1.6,1.0,0.3,a,,,450,0,0,1,0,14.9,0.44,0.17,0.61,9.22
38,A.García,Andrés,García,AVL,DEF,4.0,0,0.0,0.0,1.5,a,,,0,0,0,0,0,0.0,0.00,0.00,0.00,0.00
39,Nedeljkovic,Kosta,Nedeljkovic,AVL,DEF,4.0,0,0.0,0.0,0.1,u,0,Has joined Rangers on loan for the rest of the season,0,0,0,0,0,0.0,0.00,0.00,0.00,0.00
41,Buendía,Emiliano,Buendía Stati,AVL,MID,5.9,21,4.2,7.0,1.0,a,,,401,1,0,1,3,19.6,0.92,0.24,1.16,7.86
44,Bailey,Leon,Bailey,AVL,MID,5.4,0,0.0,0.0,0.1,u,0,Has joined Olympiakos permanently,0,0,0,0,0,0.0,0.00,0.00,0.00,0.00
45,McGinn,John,McGinn,AVL,MID,5.4,17,3.4,6.0,2.2,a,,,434,0,2,2,1,14.8,0.77,0.24,1.01,8.29
46,Barkley,Ross,Barkley,AVL,MID,5.0,10,2.0,1.5,0.3,a,,,308,0,0,1,0,15.6,0.38,0.14,0.52,7.36
47,Kamara,Boubacar,Kamara,AVL,MID,5.0,15,3.0,4.0,0.3,a,100,,443,0,1,2,0,14.3,0.12,0.16,0.28,8.44
48,Onana,Amadou,Onana,AVL,MID,4.9,0,0.0,0.0,0.0,i,0,Knee injury - Unknown return date,0,0,0,0,0,0.0,0.00,0.00,0.00,0.00
49,Iling Jr,Samuel,Iling-Junior,AVL,MID,5.0,0,0.0,0.0,0.0,u,0,Has joined Bolton Wanderers on loan for the rest of the season,0,0,0,0,0,0.0,0.00,0.00,0.00,0.00
50,Burrowes,Bradley,Burrowes,AVL,MID,4.5,0,0.0,0.0,0.6,a,,,0,0,0,0,0,0.0,0.00,0.00,0.00,0.00
51,George Hemmings,George,Hemmings,AVL,MID,4.5,9,1.8,1.0,1.2,a,,,297,0,0,1,0,9.1,0.07,0.16,0.23,6.26
52,Alysson,Alysson Edward Franco,da Rocha dos Santos,AVL,MID,5.0,8,2.0,3.0,0.0,d,75,Unspecified injury - 75% chance of playing,87,1,0,0,0,7.0,0.06,0.00,0.06,2.40
53,Manzambi,Johan,Manzambi,AVL,MID,5.9,14,7.0,7.0,0.4,a,100,,98,1,1,1,2,15.6,0.44,0.24,0.68,1.54
54,Gomes,Joao,Gomes,AVL,MID,5.5,2,1.0,2.0,0.0,a,100,,129,0,0,0,0,4.8,0.00,0.03,0.03,4.14
55,Watkins,Ollie,Watkins,AVL,FWD,7.8,0,0.0,0.0,2.5,u,0,Has joined Al Hilal permanently,0,0,0,0,0,0.0,0.00,0.00,0.00,0.00
56,Abraham,Tammy,Abraham,AVL,FWD,5.5,4,1.0,1.0,0.2,a,100,,71,0,0,0,0,1.1,0.00,0.00,0.00,2.69
160,Garnacho,Alejandro,Garnacho Ferreyra,AVL,MID,5.8,3,1.0,0.0,0.3,a,,,31,0,0,0,0,0.5,0.00,0.00,0.00,0.49
166,N.Jackson,Nicolas,Jackson,AVL,FWD,6.5,10,2.5,3.0,1.6,a,,,286,1,0,1,1,15.4,0.68,0.60,1.28,2.75
582,Madjo,Brian,Madjo,AVL,FWD,5.4,0,0.0,0.0,0.2,i,0,Unspecified injury - Unknown return date,0,0,0,0,0,0.0,0.00,0.00,0.00,0.00
596,Ruggeri,Matteo,Ruggeri,AVL,DEF,4.5,5,1.7,1.5,0.1,a,,,113,0,0,0,0,4.1,0.03,0.02,0.05,2.05
597,Suzuki,Zion,Suzuki,AVL,GKP,5.0,16,4.0,2.0,1.9,a,,,360,0,0,1,3,11.6,0.00,0.01,0.01,5.45
606,Rowe,Triston,Rowe,AVL,DEF,4.0,0,0.0,0.0,0.2,a,,,0,0,0,0,0,0.0,0.00,0.00,0.00,0.00
607,Lynch,Luka,Lynch,AVL,MID,4.5,0,0.0,0.0,0.1,u,0,Has joined Oxford United on loan until January,0,0,0,0,0,0.0,0.00,0.00,0.00,0.00
611,Wan-Bissaka,Aaron,Wan-Bissaka,AVL,DEF,4.5,6,1.5,2.0,0.2,a,,,152,0,0,0,0,5.9,0.00,0.07,0.07,3.27
618,Goretzka,Leon,Goretzka,AVL,MID,5.9,0,0.0,0.0,0.0,i,0,Knee injury - Expected back 10 Oct,0,0,0,0,0,0.0,0.00,0.00,0.00,0.00
630,Harwood-Bellis,Taylor,Harwood-Bellis,AVL,DEF,4.5,0,0.0,0.0,0.0,a,,,0,0,0,0,0,0.0,0.00,0.00,0.00,0.00
631,Mbaye,Ibrahim,Mbaye,AVL,MID,6.0,2,1.0,1.0,0.1,a,,,33,0,0,0,0,4.3,0.02,0.13,0.15,1.64
667,Wright,James,Wright,AVL,GKP,4.0,0,0.0,0.0,0.1,a,,,0,0,0,0,0,0.0,0.00,0.00,0.00,0.00
57,Petrović,Đorđe,Petrović,BOU,GKP,4.5,9,1.8,1.5,3.0,a,,,450,0,0,0,0,9.2,0.00,0.00,0.00,6.95
58,Forster,Fraser,Forster,BOU,GKP,4.0,0,0.0,0.0,3.5,a,,,0,0,0,0,0,0.0,0.00,0.00,0.00,0.00
59,Dennis,Will,Dennis,BOU,GKP,4.0,0,0.0,0.0,0.1,u,0,Has joined MK Dons permanently,0,0,0,0,0,0.0,0.00,0.00,0.00,0.00
60,Hill,James,Hill,BOU,DEF,5.5,12,2.4,3.0,0.8,a,,,450,0,0,0,0,19.5,0.00,0.79,0.79,6.95
61,Truffert,Adrien,Truffert,BOU,DEF,5.4,10,2.0,2.5,3.0,a,,,450,0,0,0,2,21.5,0.11,0.29,0.40,6.95
62,Diakité,Bafodé,Diakité,BOU,DEF,4.9,0,0.0,0.0,0.2,a,,,0,0,0,0,0,0.0,0.00,0.00,0.00,0.00
63,Milosavljević,Veljko,Milosavljevic,BOU,DEF,4.9,0,0.0,0.0,0.0,i,0,Thigh injury - Unknown return date,0,0,0,0,0,0.0,0.00,0.00,0.00,0.00
64,Smith,Adam,Smith,BOU,DEF,4.5,4,0.8,1.0,0.1,a,,,434,0,0,0,0,9.1,0.01,0.09,0.10,6.70
65,J.Araujo,Julián,Araujo Zúñiga,BOU,DEF,4.4,0,0.0,0.0,0.0,i,0,Thigh injury - Unknown return date,0,0,0,0,0,0.0,0.00,0.00,0.00,0.00
66,Soler,Julio,Soler Barreto,BOU,DEF,4.0,0,0.0,0.0,0.3,a,100,,0,0,0,0,0,0.0,0.00,0.00,0.00,0.00
67,Rayan,Rayan Vitor,Simplício Rocha,BOU,MID,6.3,10,2.0,2.0,1.6,a,,,434,0,0,0,0,18.0,0.87,0.43,1.30,6.35
68,Tavernier,Marcus,Tavernier,BOU,MID,6.1,31,6.2,5.0,6.8,a,,,424,3,0,0,8,45.5,1.70,0.92,2.62,6.54
69,Scott,Alex,Scott,BOU,MID,6.1,30,6.0,3.0,5.6,d,50,Thigh injury - 50% chance of playing,446,1,2,1,5,30.5,0.64,0.42,1.06,6.82
70,Kluivert,Justin,Kluivert,BOU,MID,6.0,15,3.8,4.0,0.8,i,0,Unspecified injury - Unknown return date,294,1,0,2,1,22.5,0.99,0.08,1.07,4.48
71,Cook,Lewis,Cook,BOU,MID,5.0,8,1.6,0.5,0.2,a,,,180,0,0,2,0,2.8,0.00,0.01,0.01,4.20
72,Gannon-Doak,Ben,Gannon-Doak,BOU,MID,4.9,4,1.0,1.0,0.1,a,,,12,0,0,0,0,2.3,0.12,0.05,0.17,0.60
73,Adams,Tyler,Adams,BOU,MID,5.0,12,2.4,3.0,0.3,a,100,,279,0,0,0,0,8.5,0.03,0.07,0.10,2.74
74,Brooks,David,Brooks,BOU,MID,5.0,3,0.8,0.5,0.1,a,100,,45,0,0,0,0,3.5,0.00,0.07,0.07,0.75
75,Christie,Ryan,Christie,BOU,MID,5.0,5,1.2,1.5,0.0,a,100,,102,0,0,0,0,5.2,0.50,0.13,0.63,1.64
76,Tóth.A,Alex,Tóth,BOU,MID,4.9,2,1.0,0.5,0.0,a,,,17,0,0,0,0,0.3,0.00,0.00,0.00,0.56
77,Adli,Amine,Adli,BOU,MID,4.9,0,0.0,0.0,0.0,i,0,Calf injury - Unknown return date,0,0,0,0,0,0.0,0.00,0.00,0.00,0.00
78,Kroupi.Jr,Junior,Kroupi,BOU,MID,7.4,0,0.0,0.0,0.2,i,0,Foot injury - Expected back 7 Nov,0,0,0,0,0,0.0,0.00,0.00,0.00,0.00
79,Evanilson,Francisco Evanilson,de Lima Barbosa,BOU,FWD,6.0,18,3.6,3.5,3.2,a,,,424,0,3,2,0,25.2,0.87,0.52,1.39,6.45
80,Enes Ünal,Enes,Ünal,BOU,FWD,5.5,0,0.0,0.0,0.0,u,0,Has joined Getafe permanently,0,0,0,0,0,0.0,0.00,0.00,0.00,0.00
81,Rodríguez,Álvaro,Rodríguez,BOU,FWD,6.0,2,1.0,0.5,0.1,a,100,,10,0,0,0,0,0.1,0.00,0.00,0.00,0.18
566,Silva,António João,Pereira de Albuquerque Tavares da Silva,BOU,DEF,5.0,13,2.6,3.0,0.4,a,,,450,0,0,0,0,17.7,0.85,0.29,1.14,6.95
573,Sanchez,Juanlu,Sánchez,BOU,DEF,4.4,0,0.0,0.0,0.2,a,,,0,0,0,0,0,0.0,0.00,0.00,0.00,0.00
608,Jebbison,Daniel,Jebbison,BOU,FWD,5.0,3,1.0,0.5,0.1,a,,,31,0,0,0,0,2.6,0.10,0.00,0.10,0.61
615,Di Gregorio,Michele,Di Gregorio,BOU,GKP,4.5,0,0.0,0.0,0.0,a,,,0,0,0,0,0,0.0,0.00,0.00,0.00,0.00
82,Kelleher,Caoimhín,Kelleher,BRE,GKP,5.0,20,4.0,4.5,6.1,a,,,450,0,0,2,0,11.7,0.00,0.01,0.01,6.32
83,Valdimarsson,Hákon Rafn,Valdimarsson,BRE,GKP,4.5,0,0.0,0.0,0.1,a,,,0,0,0,0,0,0.0,0.00,0.00,0.00,0.00
84,Collins,Nathan,Collins,BRE,DEF,5.4,10,3.3,0.0,0.9,i,0,Calf injury - Unknown return date,196,0,0,1,0,11.4,0.51,0.05,0.56,2.13
85,Van den Berg,Sepp,van den Berg,BRE,DEF,4.9,0,0.0,0.0,0.1,i,0,Groin injury - Unknown return date,0,0,0,0,0,0.0,0.00,0.00,0.00,0.00
86,Lewis-Potter,Keane,Lewis-Potter,BRE,MID,5.5,22,4.4,2.0,1.7,a,,,406,1,1,2,3,29.5,1.21,0.79,2.00,5.69
87,Ajer,Kristoffer,Ajer,BRE,DEF,4.5,21,4.2,4.0,3.9,a,,,450,0,0,2,1,18.8,0.13,0.08,0.21,6.32
88,Kayode,Michael,Kayode,BRE,DEF,4.6,23,4.6,3.5,7.6,a,,,294,1,0,2,1,15.3,0.55,0.43,0.98,3.24
89,Henry,Rico,Henry,BRE,DEF,4.4,1,1.0,0.0,0.2,a,,,2,0,0,0,0,0.0,0.00,0.00,0.00,0.00
90,Hickey,Aaron,Hickey,BRE,DEF,4.5,5,1.0,1.0,0.1,a,,,152,0,0,0,0,4.7,0.03,0.06,0.09,3.07
92,Ji-soo,Kim,Ji-soo,BRE,DEF,4.4,0,0.0,0.0,0.0,a,,,0,0,0,0,0,0.0,0.00,0.00,0.00,0.00
93,Schuster,Jannik,Schuster,BRE,DEF,4.5,21,7.0,8.5,0.3,a,,,253,0,1,1,3,12.0,0.10,0.54,0.64,4.19
94,Schade,Kevin,Schade,BRE,MID,6.2,39,7.8,12.0,12.0,a,,,447,3,2,2,6,35.4,1.52,0.32,1.84,6.32
95,O.Dango,Dango,Ouattara,BRE,MID,6.3,7,1.4,1.0,0.5,a,,,179,0,0,1,0,10.8,0.09,0.39,0.48,2.81
96,Damsgaard,Mikkel,Damsgaard,BRE,MID,5.4,16,3.2,2.0,0.4,d,75,Unspecified injury - 75% chance of playing,283,0,1,2,3,20.7,0.17,0.73,0.90,3.06
97,Jensen,Mathias,Jensen,BRE,MID,5.4,6,6.0,0.0,0.1,i,0,Unspecified injury - Expected back 10 Oct,66,0,1,1,0,7.2,0.08,0.34,0.42,0.47
98,Janelt,Vitaly,Janelt,BRE,MID,5.0,28,5.6,3.5,2.5,a,,,450,2,0,2,3,30.9,0.53,0.44,0.97,6.32
99,Milambo,Antoni,Milambo,BRE,MID,5.0,0,0.0,0.0,0.0,i,0,Knee injury - Unknown return date,0,0,0,0,0,0.0,0.00,0.00,0.00,0.00
100,Carvalho,Fábio,Freitas Gouveia Carvalho,BRE,MID,5.0,6,6.0,3.0,0.0,a,100,,3,1,0,0,0,6.7,0.43,0.00,0.43,0.13
102,Yarmoliuk,Yehor,Yarmoliuk,BRE,MID,4.8,9,1.8,3.5,0.6,a,,,216,0,1,1,0,13.4,0.10,0.30,0.40,4.58
103,Dasilva,Josh,Dasilva,BRE,MID,4.9,0,0.0,0.0,0.0,i,0,Hamstring injury - Expected back 10 Oct,0,0,0,0,0,0.0,0.00,0.00,0.00,0.00
105,Anthony,Jaidon,Anthony,BRE,MID,5.9,15,3.0,5.5,0.2,a,,,267,1,0,2,2,21.2,1.15,0.54,1.69,3.50
106,Thiago,Igor Thiago,Nascimento Rodrigues,BRE,FWD,7.8,10,2.0,3.0,9.2,a,,,442,1,0,2,0,23.6,3.13,0.16,3.29,6.25
107,Furo,Kaye,Furo,BRE,FWD,4.5,0,0.0,0.0,0.9,i,0,Unspecified injury - Unknown return date,0,0,0,0,0,0.0,0.00,0.00,0.00,0.00
108,Wilson,Callum,Wilson,BRE,FWD,5.4,3,1.0,0.0,0.3,a,,,13,0,0,0,0,2.6,0.07,0.04,0.11,0.15
565,M.Sangaré,Mamadou,Sangaré,BRE,MID,5.6,22,4.4,2.0,9.8,a,,,321,0,2,1,3,17.1,0.41,0.65,1.06,4.31
620,Diouf,El Hadji Malick,Diouf,BRE,DEF,4.5,2,1.0,1.0,0.1,a,,,39,0,0,0,0,0.7,0.00,0.01,0.01,0.63
657,Nunes,Gustavo,Nunes Fernandes Gomes,BRE,MID,4.5,0,0.0,0.0,0.0,a,,,0,0,0,0,0,0.0,0.00,0.00,0.00,0.00
660,Fredrick,Benjamin,Fredrick,BRE,DEF,4.0,0,0.0,0.0,0.0,a,,,0,0,0,0,0,0.0,0.00,0.00,0.00,0.00
661,Balcombe,Ellery,Balcombe,BRE,GKP,4.0,0,0.0,0.0,0.0,a,,,0,0,0,0,0,0.0,0.00,0.00,0.00,0.00
109,Verbruggen,Bart,Verbruggen,BHA,GKP,4.5,23,4.6,7.0,21.6,a,,,450,0,0,3,0,11.7,0.00,0.20,0.20,8.67
111,Steele,Jason,Steele,BHA,GKP,4.0,0,0.0,0.0,4.1,a,,,0,0,0,0,0,0.0,0.00,0.00,0.00,0.00
113,F.Kadıoğlu,Ferdi,Kadıoğlu,BHA,DEF,4.4,13,3.2,5.5,1.6,a,100,,332,0,0,2,0,12.2,0.12,0.13,0.25,7.55
114,Boscagli,Olivier,Boscagli,BHA,DEF,4.5,19,3.8,6.0,0.3,a,,,437,0,0,3,0,21.4,0.07,0.53,0.60,8.45
115,De Cuyper,Maxim,De Cuyper,BHA,DEF,5.0,38,7.6,8.5,28.0,a,,,423,1,3,3,5,33.8,1.55,0.67,2.22,8.58
116,Dunk,Lewis,Dunk,BHA,DEF,4.5,22,5.5,6.0,1.5,d,75,Neck injury - 75% chance of playing,360,1,0,2,1,14.3,0.03,0.09,0.12,7.04
117,Coppola,Diego,Coppola,BHA,DEF,4.5,0,0.0,0.0,0.0,a,,,0,0,0,0,0,0.0,0.00,0.00,0.00,0.00
118,Igor,Igor Julio,dos Santos de Paulo,BHA,DEF,4.5,0,0.0,0.0,0.0,u,0,Has joined Burnley permanently,0,0,0,0,0,0.0,0.00,0.00,0.00,0.00
119,Costinha,João Pedro,Loureiro da Costa,BHA,DEF,4.5,4,0.8,1.0,0.0,a,,,68,0,0,0,0,5.4,0.12,0.30,0.42,1.02
120,Svoboda,Michael,Svoboda,BHA,DEF,5.0,1,1.0,0.5,0.1,a,,,4,0,0,0,0,0.2,0.00,0.00,0.00,0.14
121,Mitoma,Mitoma,Kaoru,BHA,MID,5.9,0,0.0,0.0,0.0,i,0,Hamstring injury - Expected back 10 Oct,0,0,0,0,0,0.0,0.00,0.00,0.00,0.00
122,Minteh,Yankuba,Minteh,BHA,MID,5.8,0,0.0,0.0,0.0,i,0,Leg injury - Expected back 28 Nov,0,0,0,0,0,0.0,0.00,0.00,0.00,0.00
123,Hinshelwood,Jack,Hinshelwood,BHA,MID,5.9,16,16.0,0.0,0.6,i,0,Ankle injury - Expected back 10 Oct,63,2,0,1,3,14.5,1.41,0.02,1.43,0.19
124,Groß,Pascal,Groß,BHA,MID,5.9,47,9.4,15.5,29.7,a,,,450,3,4,3,9,50.8,1.77,0.86,2.63,8.67
125,Georginio,Georginio,Rutter,BHA,FWD,5.3,6,3.0,0.5,0.5,a,100,,104,0,1,1,0,5.1,0.17,0.45,0.62,1.03
126,O'Riley,Matt,O'Riley,BHA,MID,5.4,2,1.0,1.0,0.1,a,,,10,0,0,0,0,3.8,0.28,0.01,0.29,0.18
127,Gomez,Diego,Gómez Amarilla,BHA,MID,5.0,24,4.8,5.5,3.9,a,,,433,0,3,3,0,31.4,0.79,0.78,1.57,8.49
128,Buonanotte,Facundo,Buonanotte,BHA,MID,5.0,0,0.0,0.0,0.0,u,0,Has joined Elche on loan for the rest of the season,0,0,0,0,0,0.0,0.00,0.00,0.00,0.00
129,Ayari,Yasin,Ayari,BHA,MID,5.4,15,3.8,5.5,0.4,a,100,,333,1,0,3,0,16.9,0.70,0.18,0.88,5.64
130,Wieffer,Mats,Wieffer,BHA,DEF,4.9,7,3.5,0.0,0.2,i,0,Knee injury - Unknown return date,156,0,0,1,1,8.3,0.12,0.13,0.25,3.18
132,Howell,Harry,Howell,BHA,MID,4.5,0,0.0,0.0,0.0,u,0,Has joined Leicester City on loan for the rest of the season,0,0,0,0,0,0.0,0.00,0.00,0.00,0.00
133,Watson,Tom,Watson,BHA,MID,5.0,0,0.0,0.0,0.0,u,0,Has joined Leicester City on loan for the rest of the season,0,0,0,0,0,0.0,0.00,0.00,0.00,0.00
134,Oriola,Nehemiah,Oriola,BHA,MID,4.5,0,0.0,0.0,0.2,a,,,0,0,0,0,0,0.0,0.00,0.00,0.00,0.00
135,Yohanna,Zadok,Yohanna,BHA,MID,4.8,1,1.0,0.0,0.0,i,0,Unspecified injury - Expected back 10 Oct,12,0,0,0,0,0.2,0.00,0.03,0.03,0.00
137,Tzimas,Stefanos,Tzimas,BHA,FWD,5.4,0,0.0,0.0,0.0,i,0,Knee injury - Unknown return date,0,0,0,0,0,0.0,0.00,0.00,0.00,0.00
138,Kostoulas,Charalampos,Kostoulas,BHA,FWD,5.6,28,5.6,10.0,4.6,a,,,353,2,3,2,3,26.1,1.35,0.06,1.41,7.67
139,Ferguson,Evan,Ferguson,BHA,FWD,5.0,0,0.0,0.0,0.0,i,0,Ankle injury - Expected back 10 Oct,0,0,0,0,0,0.0,0.00,0.00,0.00,0.00
328,Struijk,Pascal,Struijk,BHA,DEF,4.9,7,2.3,3.0,0.2,d,75,Hamstring injury - 75% chance of playing,98,0,0,1,0,4.0,0.16,0.01,0.17,1.70
504,Vuskovic,Luka,Vušković,BHA,DEF,5.0,32,6.4,7.0,3.8,a,,,437,1,0,3,2,21.8,0.46,0.07,0.53,8.45
594,David,Promise,David,BHA,FWD,5.9,1,0.5,0.0,0.2,a,,,23,0,0,0,0,0.4,0.42,0.00,0.42,0.14
600,Osman,Ibrahim,Osman,BHA,MID,5.0,3,1.0,0.5,0.0,a,,,40,0,0,0,0,4.2,0.05,0.07,0.12,0.32
605,Yalcouyé,Malick,Yalcouyé,BHA,MID,4.5,20,4.0,4.5,4.0,a,,,236,2,0,1,1,29.1,1.46,0.45,1.91,6.57
614,Hadjam,Jaouen,Hadjam,BHA,DEF,4.5,0,0.0,0.0,0.0,a,,,0,0,0,0,0,0.0,0.00,0.00,0.00,0.00
624,Cozier-Duberry,Amario,Cozier-Duberry,BHA,MID,5.0,0,0.0,0.0,0.0,u,0,Has joined Middlesbrough on loan for the rest of the season,0,0,0,0,0,0.0,0.00,0.00,0.00,0.00
639,Andrés,José María,Andrés Baixauli,BHA,MID,5.5,12,6.0,6.0,0.0,a,,,109,1,1,1,0,10.9,0.52,0.12,0.64,1.70
652,Azeez,Femi,Azeez,BHA,MID,5.5,0,0.0,0.0,0.0,i,0,Hamstring injury - Expected back 10 Oct,0,0,0,0,0,0.0,0.00,0.00,0.00,0.00
658,Ibrahim,Younes,Ibrahim,BHA,MID,4.5,0,0.0,0.0,0.0,a,,,0,0,0,0,0,0.0,0.00,0.00,0.00,0.00
28,Martinez,Emiliano,Martínez Romero,CHE,GKP,5.0,9,2.2,2.0,4.7,a,,,360,0,0,0,0,17.5,0.00,0.01,0.01,7.49
40,Rogers,Morgan,Rogers,CHE,MID,7.7,29,5.8,5.0,40.7,a,,,437,3,1,0,2,43.9,1.72,1.23,2.95,8.73
101,Henderson,Jordan,Henderson,CHE,MID,4.9,2,2.0,1.0,0.0,a,100,,90,0,0,0,0,2.7,0.00,0.08,0.08,2.65
136,Welbeck,Danny,Welbeck,CHE,FWD,5.9,4,1.3,1.5,1.0,a,100,,85,0,0,0,0,6.1,0.00,0.14,0.14,1.99
140,Sánchez,Robert,Lynch Sánchez,CHE,GKP,4.9,2,2.0,0.0,0.7,u,0,Has joined Como on loan for the rest of the season,90,0,0,0,0,2.1,0.00,0.01,0.01,1.33
141,Jörgensen,Filip,Jörgensen,CHE,GKP,5.0,0,0.0,0.0,0.0,u,0,Has joined RC Strasbourg on loan for the rest of the season,0,0,0,0,0,0.0,0.00,0.00,0.00,0.00
142,James,Reece,James,CHE,DEF,5.3,3,0.8,0.5,5.7,d,75,Hamstring injury - 75% chance of playing,292,0,0,0,0,14.8,0.33,0.26,0.59,4.90
143,Chalobah,Trevoh,Chalobah,CHE,DEF,5.5,0,0.0,0.0,0.1,u,0,Has joined Como permanently,0,0,0,0,0,0.0,0.00,0.00,0.00,0.00
144,Gusto,Malo,Gusto,CHE,DEF,4.9,4,1.0,0.5,0.9,a,,,272,0,0,0,0,8.2,0.08,0.12,0.20,3.50
145,Fofana,Wesley,Fofana,CHE,DEF,5.0,8,2.0,2.5,0.2,a,100,,312,0,0,0,0,13.4,0.00,0.08,0.08,5.65
146,B.Badiashile,Benoît,Badiashile Mukinayi,CHE,DEF,4.5,0,0.0,0.0,0.0,u,0,Has joined Napoli on loan for the rest of the season,0,0,0,0,0,0.0,0.00,0.00,0.00,0.00
148,Hato,Jorrel,Hato,CHE,DEF,4.5,8,2.0,0.0,0.8,a,,,258,0,2,0,0,14.0,0.01,0.21,0.22,4.81
149,Colwill,Levi,Samuels Colwill,CHE,DEF,4.8,3,0.8,1.0,0.9,a,,,341,0,0,0,0,9.2,0.01,0.05,0.06,6.67
150,M.Sarr,Mamadou,Sarr,CHE,DEF,4.5,0,0.0,0.0,0.0,u,0,Has joined Real Sociedad on loan for the rest of the season,0,0,0,0,0,0.0,0.00,0.00,0.00,0.00
151,Acheampong,Josh,Acheampong,CHE,DEF,4.5,5,1.2,0.0,0.3,a,,,221,0,0,0,0,5.4,0.00,0.03,0.03,4.72
152,Palestra,Marco,Palestra,CHE,DEF,5.3,0,0.0,0.0,0.6,d,50,Thigh injury - 50% chance of playing,0,0,0,0,0,0.0,0.00,0.00,0.00,0.00
154,Palmer,Cole,Palmer,CHE,MID,9.7,28,5.6,3.5,25.3,d,75,Muscular injury - 75% chance of playing,442,2,2,0,3,44.1,1.31,0.79,2.10,8.73
156,Neto,Pedro,Lomba Neto,CHE,MID,6.5,14,2.8,2.0,1.4,a,,,332,1,0,0,0,28.2,0.68,0.58,1.26,6.64
157,Estêvão,Estêvão,Almeida de Oliveira Gonçalves,CHE,MID,6.3,4,1.0,1.0,0.7,a,,,23,0,0,0,0,5.0,0.07,0.07,0.14,1.01
158,Gittens,Jamie,Bynoe-Gittens,CHE,MID,5.8,0,0.0,0.0,0.0,d,75,Ankle injury - 75% chance of playing,0,0,0,0,0,0.0,0.00,0.00,0.00,0.00
159,Caicedo,Moisés,Caicedo Corozo,CHE,MID,5.3,1,1.0,0.0,1.0,d,50,Calf injury - 50% chance of playing,13,0,0,0,0,0.0,0.00,0.00,0.00,0.07
161,Lavia,Roméo,Lavia,CHE,MID,5.0,11,2.8,1.0,0.2,a,,,258,1,0,0,0,16.1,0.75,0.11,0.86,5.06
163,D.Essugo,Dário,Luís Essugo,CHE,MID,4.5,0,0.0,0.0,0.1,u,0,Has joined RC Strasbourg on loan for the rest of the season,0,0,0,0,0,0.0,0.00,0.00,0.00,0.00
164,Quenda,Geovany,Quenda,CHE,MID,5.3,2,1.0,0.5,0.0,a,100,,27,0,0,0,0,1.2,0.03,0.01,0.04,1.29
165,João Pedro,João Pedro,Junqueira de Jesus,CHE,FWD,7.7,33,8.2,6.0,64.8,d,75,Knee injury - 75% chance of playing,360,3,3,0,7,37.0,2.17,0.19,2.36,6.17
168,Marc Guiu,Marc,Guiu Paz,CHE,FWD,5.0,0,0.0,0.0,0.2,u,0,Has joined RB Leipzig permanently,0,0,0,0,0,0.0,0.00,0.00,0.00,0.00
169,Mheuka,Shumaira,Mheuka,CHE,FWD,4.5,0,0.0,0.0,0.5,a,,,0,0,0,0,0,0.0,0.00,0.00,0.00,0.00
170,Emegha,Emmanuel,Emegha,CHE,FWD,4.9,0,0.0,0.0,0.1,i,0,Hamstring injury - Expected back 10 Oct,0,0,0,0,0,0.0,0.00,0.00,0.00,0.00
200,Lacroix,Maxence,Lacroix,CHE,DEF,5.9,13,2.6,2.0,6.8,a,,,364,0,1,0,0,14.4,0.15,0.22,0.37,7.93
560,Penders,Mike,Penders,CHE,GKP,4.4,0,0.0,0.0,0.1,a,,,0,0,0,0,0,0.0,0.00,0.00,0.00,0.00
561,Anselmino,Aaron,Anselmino,CHE,DEF,4.5,0,0.0,0.0,0.0,a,100,,0,0,0,0,0,0.0,0.00,0.00,0.00,0.00
568,Barco,Valentín,Barco,CHE,MID,5.4,3,1.0,1.0,0.1,a,,,115,0,0,0,0,3.0,0.07,0.11,0.18,2.83
583,Chavarria,Pep,Chavarría,CHE,DEF,4.9,5,1.0,1.0,0.2,a,,,208,0,0,0,0,7.5,0.04,0.07,0.11,4.10
662,Nicoll-Jazuli,Mahdi,Nicoll-Jazuli,CHE,MID,4.5,1,1.0,1.0,0.0,a,,,3,0,0,0,0,0.6,0.00,0.00,0.00,0.43
91,Pinnock,Ethan,Pinnock,COV,DEF,4.5,14,3.5,5.0,0.1,a,,,282,0,0,1,0,10.3,0.12,0.00,0.12,6.57
104,Onyeka,Frank,Onyeka,COV,MID,4.9,9,2.2,2.5,0.1,a,100,,314,0,0,1,0,4.5,0.03,0.02,0.05,6.31
110,Rushworth,Carl,Rushworth,COV,GKP,4.5,16,3.2,5.5,0.8,a,,,450,0,1,1,2,10.1,0.00,0.02,0.02,8.63
171,Dovin,Oliver,Dovin,COV,GKP,4.0,0,0.0,0.0,1.0,u,0,Has joined Leyton Orient on loan for the rest of the season,0,0,0,0,0,0.0,0.00,0.00,0.00,0.00
172,Wilson,Ben,Wilson,COV,GKP,4.4,0,0.0,0.0,0.4,a,,,0,0,0,0,0,0.0,0.00,0.00,0.00,0.00
173,Thomas,Bobby,Thomas,COV,DEF,4.0,24,4.8,4.5,8.5,a,,,437,0,0,2,3,18.4,0.49,0.30,0.79,8.09
174,Kitching,Liam,Kitching,COV,DEF,4.0,0,0.0,0.0,0.3,u,0,Has joined Sheffield United on loan for the rest of the season,0,0,0,0,0,0.0,0.00,0.00,0.00,0.00
175,van Ewijk,Milan,van Ewijk,COV,DEF,4.0,6,1.5,0.0,8.6,d,75,Hamstring injury - 75% chance of playing,360,0,0,0,0,12.8,0.00,0.30,0.30,7.53
176,Dasilva,Jay,Dasilva,COV,DEF,4.0,20,4.0,7.5,0.7,a,,,444,1,0,1,3,21.5,0.50,0.52,1.02,8.63
177,Kesler-Hayden,Kaine,Kesler-Hayden,COV,DEF,3.9,0,0.0,0.0,0.1,i,0,Hamstring injury - Unknown return date,0,0,0,0,0,0.0,0.00,0.00,0.00,0.00
178,Bidwell,Jake,Bidwell,COV,DEF,4.0,0,0.0,0.0,0.1,a,,,0,0,0,0,0,0.0,0.00,0.00,0.00,0.00
179,Latibeaudiere,Joel,Latibeaudiere,COV,DEF,4.0,1,1.0,0.5,0.0,a,,,1,0,0,0,0,0.7,0.00,0.00,0.00,0.02
180,Woolfenden,Luke,Woolfenden,COV,DEF,3.9,0,0.0,0.0,0.1,i,0,Knee injury - Unknown return date,0,0,0,0,0,0.0,0.00,0.00,0.00,0.00
181,Brau,Miguel,Brau,COV,DEF,4.0,0,0.0,0.0,0.0,u,0,Has joined Academico de Viseu on loan for the rest of the season,0,0,0,0,0,0.0,0.00,0.00,0.00,0.00
182,Amenda,Aurèle,Amenda,COV,DEF,4.0,4,1.0,0.0,0.6,i,0,Calf injury - Unknown return date,360,0,0,0,0,9.4,0.02,0.39,0.41,7.53
183,Rudoni,Jack,Rudoni,COV,MID,4.9,13,2.6,3.5,0.1,a,100,,297,0,0,2,0,27.2,0.92,1.11,2.03,4.49
184,Grimes,Matt,Grimes,COV,MID,4.9,11,2.2,2.5,0.1,a,,,443,0,0,1,0,11.8,0.12,0.13,0.25,8.42
185,Sakamoto,Tatsuhiro,Sakamoto,COV,MID,4.8,1,1.0,0.0,0.1,a,,,31,0,0,0,0,1.9,0.02,0.02,0.04,0.69
186,Mason-Clark,Ephron,Mason-Clark,COV,MID,5.3,5,1.2,1.0,0.1,a,100,,231,0,0,0,0,11.7,0.51,0.12,0.63,3.16
187,Eccles,Josh,Eccles,COV,MID,4.8,0,0.0,0.0,0.0,i,0,Unspecified injury - Expected back 12 Oct,0,0,0,0,0,0.0,0.00,0.00,0.00,0.00
188,Torp,Victor,Torp,COV,MID,5.3,3,1.0,0.5,0.1,a,,,53,0,0,0,0,2.7,0.00,0.12,0.12,1.22
189,Shepherd,George,Shepherd,COV,MID,4.4,0,0.0,0.0,0.3,a,,,0,0,0,0,0,0.0,0.00,0.00,0.00,0.00
190,Tchaouna,Loum,Tchaouna,COV,MID,5.4,5,1.2,0.5,0.1,a,,,211,0,0,0,0,12.3,0.23,0.18,0.41,3.23
191,Borges Rodrigues,Raphael,Borges Rodrigues,COV,MID,4.5,0,0.0,0.0,0.1,u,0,Has joined Burton Albion on loan for the rest of the season,0,0,0,0,0,0.0,0.00,0.00,0.00,0.00
192,Andrews,Kai,Andrews,COV,MID,4.5,0,0.0,0.0,0.3,u,0,Has joined Oxford United on loan for the rest of the season,0,0,0,0,0,0.0,0.00,0.00,0.00,0.00
193,Wright,Haji,Wright,COV,FWD,5.3,0,0.0,0.0,0.1,i,0,Thigh injury - Unknown return date,0,0,0,0,0,0.0,0.00,0.00,0.00,0.00
194,Thomas-Asante,Brandon,Thomas-Asante,COV,FWD,5.0,9,1.8,2.5,0.8,a,,,227,0,0,1,0,8.4,0.34,0.06,0.39,4.98
195,Simms,Ellis,Simms,COV,FWD,4.9,4,1.3,0.5,0.6,a,,,104,0,0,0,0,6.8,0.30,0.01,0.31,2.79
196,Markelo,Jahnoah,Markelo,COV,FWD,5.0,0,0.0,0.0,0.0,u,0,Has joined Shabab Al-Ahli Dubai permanently,0,0,0,0,0,0.0,0.00,0.00,0.00,0.00
197,Bassette,Norman,Bassette,COV,FWD,4.5,0,0.0,0.0,0.0,u,0,Has joined KVC Westerlo on loan for the rest of the season,0,0,0,0,0,0.0,0.00,0.00,0.00,0.00
492,Awoniyi,Taiwo,Awoniyi,COV,FWD,5.4,3,0.8,-1.0,0.4,s,0,Suspended until 19 Oct,232,0,0,0,0,13.6,1.30,0.04,1.34,3.55
575,Yirenkyi,Caleb,Yirenkyi,COV,MID,4.8,9,1.8,2.0,0.1,a,,,265,0,0,2,0,6.0,0.03,0.15,0.18,4.25
584,Hamer,Gustavo,Hamer,COV,MID,5.4,3,1.0,0.0,0.1,a,,,32,0,0,0,0,0.3,0.00,0.02,0.02,0.82
599,Cherif,Sidiki,Cherif,COV,FWD,5.0,1,1.0,0.5,0.1,a,,,30,0,0,0,0,0.1,0.00,0.00,0.00,1.43
623,Bentley,Dan,Bentley,COV,GKP,4.0,0,0.0,0.0,0.6,a,,,0,0,0,0,0,0.0,0.00,0.00,0.00,0.00
655,Gboho,Yann,Gboho,COV,MID,5.5,0,0.0,0.0,0.0,a,,,0,0,0,0,0,0.0,0.00,0.00,0.00,0.00
656,Mfuni,Stephen,Mfuni,COV,DEF,4.0,6,6.0,3.0,0.1,a,,,90,0,0,1,0,2.2,0.00,0.01,0.01,1.10
42,Guessand,Evann,Guessand,CRY,MID,5.4,2,1.0,0.0,0.0,a,,,54,0,0,0,0,1.5,0.03,0.03,0.06,0.34
153,Disasi,Axel,Disasi,CRY,DEF,4.5,1,0.3,-1.5,0.1,s,0,Suspended until 25 Oct,139,0,0,0,0,5.0,0.00,0.04,0.04,3.72
198,Henderson,Dean,Henderson,CRY,GKP,4.9,5,1.7,0.0,1.3,i,0,Foot injury - Expected back 11 Oct,270,0,0,0,0,9.6,0.00,0.00,0.00,6.47
199,Benitez,Walter,Benítez,CRY,GKP,4.5,8,4.0,4.0,0.1,a,,,180,0,0,1,0,3.8,0.00,0.00,0.00,2.99
202,Richards,Chris,Richards,CRY,DEF,4.9,14,2.8,5.0,0.6,a,,,450,0,0,1,0,16.2,0.08,0.07,0.15,9.46
203,Canvot,Jaydee,Canvot,CRY,DEF,4.8,10,2.5,4.0,0.2,a,,,360,0,0,1,0,11.5,0.05,0.13,0.18,7.78
204,Mitchell,Tyrick,Mitchell,CRY,DEF,4.5,24,4.8,4.0,6.1,a,,,419,2,0,1,3,25.8,0.77,0.26,1.03,8.34
205,Sosa,Borna,Sosa,CRY,DEF,4.5,0,0.0,0.0,0.0,u,0,Has joined FC Cologne on loan for the rest of the season,0,0,0,0,0,0.0,0.00,0.00,0.00,0.00
206,Chadi Riad,Chadi,Riad Dnanou,CRY,DEF,4.3,1,1.0,0.0,0.0,i,0,Knee injury - Unknown return date,72,0,0,0,0,1.4,0.00,0.01,0.01,0.98
207,Mingueza,Oscar,Mingueza,CRY,DEF,4.4,2,1.0,0.0,0.1,a,,,16,0,0,0,0,0.3,0.00,0.00,0.00,0.33
208,Sarr,Ismaïla,Sarr,CRY,MID,6.2,1,1.0,0.5,0.6,a,100,,8,0,0,0,0,0.1,0.00,0.01,0.01,0.06
210,Wharton,Adam,Wharton,CRY,MID,5.4,12,2.4,2.0,0.7,a,100,,436,0,0,1,0,18.9,0.15,0.58,0.73,8.91
211,Yeremy,Yéremy,Pino Santos,CRY,MID,5.5,14,2.8,1.5,0.3,a,,,307,0,2,1,0,15.8,0.52,0.55,1.07,6.93
212,Hughes,Will,Hughes,CRY,MID,4.4,2,1.0,0.5,7.3,a,,,29,0,0,0,0,2.4,0.00,0.04,0.04,1.12
213,Lerma,Jefferson,Lerma Solís,CRY,MID,4.8,1,0.5,0.5,0.1,a,,,51,0,0,0,0,3.0,0.26,0.00,0.26,1.25
214,Kamada,Daichi,Kamada,CRY,MID,5.0,21,4.2,5.5,0.5,a,,,441,0,3,1,0,21.9,0.47,0.38,0.85,8.85
215,Devenny,Justin,Devenny,CRY,MID,5.0,0,0.0,0.0,0.0,u,0,Has joined Stoke City permanently,0,0,0,0,0,0.0,0.00,0.00,0.00,0.00
216,Esse,Romain,Esse,CRY,MID,5.0,0,0.0,0.0,0.0,u,0,Has joined Millwall on loan for the rest of the season,0,0,0,0,0,0.0,0.00,0.00,0.00,0.00
217,M.França,Matheus,França de Oliveira,CRY,MID,4.9,0,0.0,0.0,0.0,u,0,Has joined Alverca on loan for the rest of the season,0,0,0,0,0,0.0,0.00,0.00,0.00,0.00
218,Doucouré,Cheick,Doucouré,CRY,MID,4.8,0,0.0,0.0,0.0,a,,,0,0,0,0,0,0.0,0.00,0.00,0.00,0.00
219,J.Rak-Sakyi,Jesurun,Rak-Sakyi,CRY,MID,4.9,0,0.0,0.0,0.0,u,0,has joined  Kasimpasa on loan for the rest of the seaon.,0,0,0,0,0,0.0,0.00,0.00,0.00,0.00
220,Cardines,Rio,Cardines,CRY,DEF,4.5,0,0.0,0.0,0.0,u,0,Has joined Bristol City on loan for the rest of the season,0,0,0,0,0,0.0,0.00,0.00,0.00,0.00
221,Drakes-Thomas,Joél,Drakes-Thomas,CRY,MID,4.4,0,0.0,0.0,0.1,a,,,0,0,0,0,0,0.0,0.00,0.00,0.00,0.00
222,Strand Larsen,Jørgen,Strand Larsen,CRY,FWD,6.0,14,2.8,5.0,0.7,a,,,298,1,0,1,2,16.1,0.43,0.20,0.63,6.15
223,Mateta,Jean-Philippe,Mateta,CRY,FWD,6.3,2,2.0,0.0,1.3,i,0,Hamstring injury - Expected back 11 Oct,62,0,0,0,0,2.5,0.70,0.02,0.72,0.98
224,Nketiah,Eddie,Nketiah,CRY,FWD,5.5,8,2.0,0.5,0.5,a,100,,175,0,1,0,0,13.0,1.10,0.60,1.70,4.51
225,Uche,Christantus,Uche,CRY,FWD,5.0,0,0.0,0.0,0.0,u,0,has returned to Getafe CF,0,0,0,0,0,0.0,0.00,0.00,0.00,0.00
241,McNeil,Dwight,McNeil,CRY,MID,5.3,3,1.5,0.0,0.1,a,,,84,0,0,0,0,1.7,0.05,0.02,0.07,1.18
555,Matthews,Remi,Matthews,CRY,GKP,4.0,0,0.0,0.0,1.7,a,,,0,0,0,0,0,0.0,0.00,0.00,0.00,0.00
577,Tomiyasu,Takehiro,Tomiyasu,CRY,DEF,4.4,3,0.8,0.5,0.3,d,75,Calf injury - 75% chance of playing,189,0,0,0,0,6.0,0.00,0.03,0.03,3.98
588,Khalaili,Anan,Khalaili,CRY,DEF,5.0,19,3.8,6.5,0.3,d,75,Hamstring injury - 75% chance of playing,379,1,0,1,0,22.5,0.96,0.33,1.29,8.41
595,Gozo,Zavier,Gozo,CRY,MID,4.9,2,1.0,0.5,0.0,a,,,28,0,0,0,0,0.3,0.00,0.00,0.00,0.68
633,Ahanor,Honest,Ahanor,CRY,DEF,4.5,3,3.0,1.5,0.0,a,,,90,0,0,0,0,4.1,0.00,0.01,0.01,1.68
643,Chilwell,Ben,Chilwell,CRY,DEF,4.5,8,4.0,0.5,0.4,a,,,29,1,0,0,0,5.9,0.27,0.01,0.28,1.12
644,Timber,Quinten,Timber,CRY,MID,5.0,9,3.0,3.5,0.0,a,,,253,0,0,1,0,10.0,0.24,0.06,0.30,5.56
647,Osorio,Darío,Osorio,CRY,MID,5.5,1,1.0,0.0,0.0,a,,,1,0,0,0,0,0.2,0.00,0.00,0.00,0.13
21,Nørgaard,Christian,Nørgaard,EVE,MID,4.8,0,0.0,0.0,0.0,i,0,Groin injury - Unknown return date,0,0,0,0,0,0.0,0.00,0.00,0.00,0.00
209,Johnson,Brennan,Johnson,EVE,MID,5.9,9,1.8,3.0,0.1,a,,,238,0,0,2,0,10.0,1.03,0.22,1.25,3.73
226,Pickford,Jordan,Pickford,EVE,GKP,5.5,25,5.0,7.0,9.2,a,,,450,0,0,3,1,12.0,0.00,0.02,0.02,6.94
227,Travers,Mark,Travers,EVE,GKP,5.0,0,0.0,0.0,0.0,a,,,0,0,0,0,0,0.0,0.00,0.00,0.00,0.00
228,King,Tom,King,EVE,GKP,4.5,0,0.0,0.0,0.0,a,,,0,0,0,0,0,0.0,0.00,0.00,0.00,0.00
229,Tarkowski,James,Tarkowski,EVE,DEF,6.2,43,8.6,11.0,16.8,a,,,450,1,1,3,7,20.5,0.18,0.04,0.22,6.94
230,Branthwaite,Jarrad,Branthwaite,EVE,DEF,5.5,27,5.4,7.0,2.4,a,,,450,0,0,3,0,22.5,0.17,0.02,0.19,6.94
231,Keane,Michael,Keane,EVE,DEF,4.8,0,0.0,0.0,0.7,a,,,0,0,0,0,0,0.0,0.00,0.00,0.00,0.00
232,O'Brien,Jake,O'Brien,EVE,DEF,4.8,2,1.0,1.0,0.3,a,,,16,0,0,0,0,0.3,0.00,0.00,0.00,0.42
233,Mykolenko,Vitalii,Mykolenko,EVE,DEF,4.6,27,5.4,8.0,4.1,d,75,Leg injury - 75% chance of playing,450,0,0,3,3,15.5,0.04,0.16,0.20,6.94
234,Patterson,Nathan,Patterson,EVE,DEF,4.5,0,0.0,0.0,0.0,u,0,Has joined Torino permanently,0,0,0,0,0,0.0,0.00,0.00,0.00,0.00
235,Aznou,Adam,Aznou,EVE,DEF,4.0,0,0.0,0.0,0.1,u,0,Has joined Malaga on loan for the rest of the season,0,0,0,0,0,0.0,0.00,0.00,0.00,0.00
236,Dewsbury-Hall,Kiernan,Dewsbury-Hall,EVE,MID,6.6,20,4.0,2.5,5.9,a,,,450,1,0,3,3,38.9,0.99,0.83,1.82,6.74
238,Grealish,Jack,Grealish,EVE,MID,6.5,6,1.5,2.0,0.5,a,100,,135,0,0,1,0,11.4,0.02,0.44,0.46,1.67
239,Garner,James,Garner,EVE,MID,6.0,11,2.2,3.5,0.2,a,100,,328,0,0,2,0,13.4,0.20,0.17,0.37,3.45
242,George,Tyrique,George,EVE,MID,5.5,19,3.8,2.0,0.9,a,,,309,1,0,2,3,22.5,0.35,0.32,0.67,3.71
243,Alcaraz,Carlos,Alcaraz Durán,EVE,MID,4.9,1,0.5,0.0,0.1,a,,,5,0,0,0,0,2.7,0.05,0.02,0.07,0.04
244,Armstrong,Harrison,Armstrong,EVE,MID,5.0,16,3.2,2.5,0.4,a,100,,446,0,1,3,0,14.7,0.21,0.49,0.70,6.94
245,Dibling,Tyler,Dibling,EVE,MID,5.4,1,1.0,0.5,0.0,a,,,24,0,0,0,0,5.8,0.17,0.16,0.33,0.38
246,Röhl,Merlin,Röhl,EVE,MID,4.9,6,2.0,0.0,0.0,i,0,Unspecified injury - Expected back 11 Oct,249,0,0,1,0,6.1,0.00,0.20,0.20,4.52
247,Hackney,Hayden,Hackney,EVE,MID,5.4,10,2.0,1.0,0.2,a,100,,137,0,1,1,0,11.1,0.05,0.13,0.18,3.91
248,Beto,Norberto Bercique,Gomes Betuncal,EVE,FWD,5.4,2,1.0,0.0,0.6,u,0,Has joined Fiorentina permanently,31,0,0,0,0,0.8,0.09,0.00,0.09,1.92
249,Barry,Thierno,Barry,EVE,FWD,5.7,20,4.0,4.0,8.3,a,,,417,2,0,3,2,36.5,3.50,0.15,3.65,5.02
649,Maitland-Niles,Ainsley,Maitland-Niles,EVE,DEF,4.5,21,7.0,7.0,1.4,a,,,177,1,0,2,2,11.4,0.06,0.25,0.31,2.00
654,Graham,Braiden,Graham,EVE,MID,4.5,0,0.0,0.0,0.1,a,,,0,0,0,0,0,0.0,0.00,0.00,0.00,0.00
250,Leno,Bernd,Leno,FUL,GKP,4.5,18,3.6,6.0,3.4,a,,,450,0,0,1,2,12.8,0.00,0.00,0.00,9.11
251,Lecomte,Benjamin,Lecomte,FUL,GKP,4.0,0,0.0,0.0,1.1,a,,,0,0,0,0,0,0.0,0.00,0.00,0.00,0.00
252,McNally,Alfie,McNally,FUL,GKP,4.0,0,0.0,0.0,0.1,u,0,Has joined York City on loan for the rest of the season,0,0,0,0,0,0.0,0.00,0.00,0.00,0.00
253,Andersen,Joachim,Andersen,FUL,DEF,5.0,3,1.0,0.5,0.2,a,100,,190,0,0,0,0,9.6,0.00,0.10,0.10,4.35
254,Robinson,Antonee,Robinson,FUL,DEF,4.5,12,2.4,4.0,1.5,a,,,429,0,0,1,0,21.8,0.26,0.30,0.56,9.08
255,J.Cuenca,Jorge,Cuenca Barreno,FUL,DEF,4.5,3,3.0,0.0,0.0,a,,,90,0,0,0,0,5.4,0.00,0.03,0.03,2.24
256,Tete,Kenny,Tete,FUL,DEF,4.4,0,0.0,0.0,0.2,a,100,,27,0,0,0,0,0.4,0.00,0.00,0.00,0.65
257,Bassey,Calvin,Bassey,FUL,DEF,4.5,15,3.0,6.0,0.7,a,,,450,0,1,1,1,15.2,0.13,0.08,0.21,9.11
258,Castagne,Timothy,Castagne,FUL,DEF,4.5,20,4.0,3.5,1.0,a,,,408,0,2,2,0,20.6,0.67,0.39,1.06,6.81
261,Iwobi,Alex,Iwobi,FUL,MID,5.4,14,2.8,4.0,0.7,a,,,408,0,0,2,2,27.7,0.39,1.22,1.61,8.16
262,Smith Rowe,Emile,Smith Rowe,FUL,MID,5.3,3,1.0,0.5,0.2,a,,,38,0,0,0,0,4.0,0.06,0.02,0.08,0.87
263,Kevin,Kevin,Santos Lopes de Macedo,FUL,MID,5.3,4,1.0,1.0,0.0,a,,,61,0,0,0,0,3.5,0.07,0.12,0.19,1.23
264,Bobb,Oscar,Bobb,FUL,MID,5.5,13,2.6,3.0,0.3,a,,,343,0,0,3,0,23.8,0.54,1.14,1.68,6.19
265,Berge,Sander,Berge,FUL,MID,4.9,11,2.2,3.0,0.3,a,,,349,0,0,2,0,15.4,0.08,0.36,0.44,7.36
266,Cairney,Tom,Cairney,FUL,MID,4.9,0,0.0,0.0,0.0,i,0,Knee injury - Expected back 10 Oct,0,0,0,0,0,0.0,0.00,0.00,0.00,0.00
268,King,Josh,King,FUL,MID,5.5,24,4.8,2.5,2.8,a,,,425,2,0,2,3,35.8,1.54,0.46,2.00,8.29
269,Sessegnon,Ryan,Sessegnon,FUL,DEF,4.3,3,1.0,0.0,0.3,a,100,,50,0,0,0,0,7.5,0.13,0.44,0.57,1.80
270,Reed,Harrison,Reed,FUL,MID,4.4,0,0.0,0.0,1.1,a,,,0,0,0,0,0,0.0,0.00,0.00,0.00,0.00
271,Muniz,Rodrigo,Muniz Carvalho,FUL,FWD,5.4,3,0.8,0.5,0.4,a,,,38,0,0,0,0,7.0,0.40,0.00,0.40,0.85
272,Kusi-Asare,Jonah,Kusi-Asare,FUL,FWD,4.5,0,0.0,0.0,5.4,a,,,0,0,0,0,0,0.0,0.00,0.00,0.00,0.00
569,Gonzalo,Gonzalo,García,FUL,FWD,6.0,14,2.8,2.0,4.1,a,,,425,1,0,2,0,22.1,2.33,0.58,2.91,8.29
570,Palacios,César,Palacios,FUL,MID,5.4,12,3.0,0.5,0.2,a,,,226,1,0,0,1,14.0,0.98,0.03,1.01,5.46
580,Charles,Shea,Charles,FUL,MID,5.0,13,2.6,4.5,0.1,a,,,303,0,0,1,0,14.5,0.09,0.16,0.25,6.65
610,De Fougerolles,Luc,De Fougerolles,FUL,DEF,4.0,0,0.0,0.0,0.1,u,0,has joined  Real Salt Lake on loan for the rest of the seaon.,0,0,0,0,0,0.0,0.00,0.00,0.00,0.00
626,Zepa,Macaulay,Zepa,FUL,MID,4.4,0,0.0,0.0,0.3,a,,,0,0,0,0,0,0.0,0.00,0.00,0.00,0.00
635,Larsson,Hugo,Larsson,FUL,MID,5.0,3,1.0,1.0,0.0,a,,,37,0,0,0,0,1.8,0.13,0.23,0.36,0.88
636,Ángel,Manuel Ángel,Morán Ibáñez,FUL,MID,5.0,0,0.0,0.0,0.0,a,,,0,0,0,0,0,0.0,0.00,0.00,0.00,0.00
650,Affengruber,David,Affengruber,FUL,DEF,4.5,12,6.0,6.0,0.1,a,,,180,0,0,1,0,6.6,0.00,0.02,0.02,2.88
240,Iroegbunam,Tim,Iroegbunam,HUL,MID,5.0,2,0.7,0.5,0.0,a,100,,70,0,0,0,0,3.1,0.12,0.01,0.13,0.60
273,Phillips,Dillon,Phillips,HUL,GKP,4.0,0,0.0,0.0,1.4,a,,,0,0,0,0,0,0.0,0.00,0.00,0.00,0.00
274,Butland,Jack,Butland,HUL,GKP,4.4,0,0.0,0.0,0.1,i,0,Arm injury - Unknown return date,0,0,0,0,0,0.0,0.00,0.00,0.00,0.00
275,Cartwright,Harvey,Cartwright,HUL,GKP,4.0,0,0.0,0.0,0.0,u,0,Has joined Grimsby Town on loan for the rest of the season,0,0,0,0,0,0.0,0.00,0.00,0.00,0.00
276,Lo-Tutala,Thimothée,Lo-Tutala,HUL,GKP,4.0,0,0.0,0.0,0.0,u,0,Has joined Colchester United on loan for the rest of the season,0,0,0,0,0,0.0,0.00,0.00,0.00,0.00
277,Egan,John,Egan,HUL,DEF,4.1,26,5.2,1.5,7.0,a,,,437,0,0,3,1,13.4,0.05,0.00,0.05,7.27
278,Hughes,Charlie,Hughes,HUL,DEF,3.9,0,0.0,0.0,0.2,i,0,Groin injury - Unknown return date,0,0,0,0,0,0.0,0.00,0.00,0.00,0.00
279,Ajayi,Semi,Ajayi,HUL,DEF,4.2,27,5.4,1.0,13.9,a,100,,423,1,0,3,2,14.1,0.66,0.01,0.67,6.43
280,Coyle,Lewie,Coyle,HUL,DEF,4.0,14,2.8,1.0,0.7,a,100,,348,0,0,2,0,6.5,0.13,0.07,0.20,6.22
281,Drameh,Cody,Drameh,HUL,DEF,4.0,2,1.0,0.0,0.0,u,0,Has joined Genoa permanently,65,0,0,0,0,0.8,0.05,0.00,0.05,0.87
282,Giles,Ryan,Giles,HUL,DEF,4.0,24,4.8,2.0,2.9,a,,,444,0,1,3,2,22.2,0.02,0.43,0.45,7.33
283,Jacob,Matty,Jacob,HUL,DEF,4.0,0,0.0,0.0,0.0,u,0,Has joined Newport County on loan until January,0,0,0,0,0,0.0,0.00,0.00,0.00,0.00
284,McCarthy,Cathal,McCarthy,HUL,DEF,4.0,0,0.0,0.0,0.1,a,,,0,0,0,0,0,0.0,0.00,0.00,0.00,0.00
285,McNair,Paddy,McNair,HUL,DEF,4.0,1,1.0,0.0,0.1,a,100,,26,0,0,0,0,0.4,0.00,0.00,0.00,0.96
286,Belloumi,Mohamed,Belloumi,HUL,MID,5.1,31,6.2,8.5,5.3,a,,,394,2,2,3,2,32.5,0.72,0.43,1.15,6.44
287,Millar,Liam,Millar,HUL,MID,5.0,6,3.0,0.0,0.0,u,0,Has joined Birmingham on loan for the rest of the season,50,1,0,0,0,5.2,0.58,0.00,0.58,0.87
288,Dowell,Kieran,Dowell,HUL,MID,4.4,0,0.0,0.0,0.3,a,,,0,0,0,0,0,0.0,0.00,0.00,0.00,0.00
289,Crooks,Matt,Crooks,HUL,MID,4.4,3,1.0,0.5,0.5,a,100,,203,0,0,1,0,5.4,0.00,0.12,0.12,3.57
290,Slater,Regan,Slater,HUL,MID,4.5,15,3.0,2.0,5.2,a,,,437,0,1,3,0,17.4,0.21,0.59,0.80,7.27
291,Matazo,Eliot,Matazo,HUL,MID,4.5,0,0.0,0.0,0.0,i,0,Knee injury - Unknown return date,0,0,0,0,0,0.0,0.00,0.00,0.00,0.00
292,Ömür,Abdülkadir,Ömür,HUL,MID,4.9,0,0.0,0.0,0.0,a,,,0,0,0,0,0,0.0,0.00,0.00,0.00,0.00
293,Kamara,Abu,Kamara,HUL,MID,5.0,0,0.0,0.0,0.0,u,0,Has joined Portsmouth permanently,0,0,0,0,0,0.0,0.00,0.00,0.00,0.00
294,Zambrano,Óscar,Zambrano,HUL,MID,4.5,0,0.0,0.0,0.1,a,100,,0,0,0,0,0,0.0,0.00,0.00,0.00,0.00
295,McBurnie,Oli,McBurnie,HUL,FWD,5.5,13,2.6,2.5,1.9,a,,,441,0,2,3,0,23.0,1.23,0.13,1.36,7.21
296,Akintola,David,Akintola,HUL,MID,5.0,0,0.0,0.0,0.0,u,0,Has joined Omonoia FC permanently,0,0,0,0,0,0.0,0.00,0.00,0.00,0.00
297,Gyabi,Darko,Gyabi,HUL,MID,4.4,0,0.0,0.0,0.0,i,0,Thigh injury - Unknown return date,0,0,0,0,0,0.0,0.00,0.00,0.00,0.00
298,Destan,Enis,Destan,HUL,FWD,4.5,0,0.0,0.0,0.2,u,0,Has joined Konyaspor permanently,0,0,0,0,0,0.0,0.00,0.00,0.00,0.00
299,Burstow,Mason,Burstow,HUL,FWD,4.5,0,0.0,0.0,0.0,u,0,Has joined Sheffield Wednesday on loan for the rest of the season,0,0,0,0,0,0.0,0.00,0.00,0.00,0.00
340,Gelhardt,Joe,Gelhardt,HUL,MID,5.0,1,1.0,0.5,0.0,a,100,,7,0,0,0,0,1.5,0.10,0.02,0.12,0.13
556,Targett,Matt,Targett,HUL,DEF,4.0,1,1.0,0.0,1.6,d,75,Ankle injury - 75% chance of playing,5,0,0,0,0,0.0,0.00,0.00,0.00,0.07
563,Morita,Hidemasa,Morita,HUL,MID,4.9,1,1.0,0.0,0.0,i,0,Calf injury - Expected back 11 Oct,45,0,0,0,0,2.4,0.00,0.00,0.00,1.09
572,Tzolakis,Konstantinos,Tzolakis,HUL,GKP,4.7,34,6.8,4.0,12.8,a,,,450,0,0,3,6,15.0,0.00,0.00,0.00,7.40
574,Hjertø-Dahl,Jens,Hjertø-Dahl,HUL,MID,4.9,1,1.0,0.0,0.1,a,,,8,0,0,0,0,0.0,0.00,0.00,0.00,0.00
576,Stroud,Elliot,Stroud,HUL,MID,5.0,7,1.8,0.5,0.1,a,,,249,0,0,2,0,3.8,0.06,0.05,0.11,4.32
585,Herrington,Lucas,Herrington,HUL,DEF,4.0,5,1.0,1.0,0.6,a,,,197,0,0,0,0,7.7,0.02,0.04,0.06,3.36
586,Mendy,Nobel,Mendy,HUL,DEF,4.1,25,6.2,0.5,6.2,a,100,,249,1,0,2,1,16.4,0.32,0.00,0.32,4.02
589,Gourna-Douath,Lucas,Gourna-Douath,HUL,MID,5.0,4,1.3,0.5,0.0,a,,,138,0,0,1,0,6.5,0.03,0.03,0.06,2.26
617,Cho,Mohamed-Ali,Cho,HUL,MID,5.0,9,2.2,3.5,0.0,a,,,72,1,0,0,0,14.9,0.79,0.36,1.15,0.98
632,Ansah,Ilyas,Ansah,HUL,FWD,5.0,0,0.0,0.0,0.0,i,0,Back injury - Unknown return date,0,0,0,0,0,0.0,0.00,0.00,0.00,0.00
637,Vaz,Robinio,Vaz,HUL,FWD,5.0,2,1.0,1.0,0.1,a,,,20,0,0,0,0,1.6,0.00,0.01,0.01,0.31
638,Norton-Cuffy,Brooke,Norton-Cuffy,HUL,DEF,4.0,1,0.5,0.0,0.2,d,75,Hamstring injury - 75% chance of playing,34,0,0,0,0,1.2,0.05,0.00,0.05,0.30
642,Thomas,Sorba,Thomas,HUL,MID,5.5,4,1.3,1.5,0.0,a,,,119,0,0,0,0,5.8,0.21,0.11,0.32,2.04
645,Mouzakitis,Christos,Mouzakitis,HUL,MID,5.0,0,0.0,0.0,0.0,a,,,0,0,0,0,0,0.0,0.00,0.00,0.00,0.00
259,Diop,Issa,Diop,IPS,DEF,4.0,12,2.4,2.5,12.6,a,,,450,0,0,0,0,15.5,0.06,0.16,0.22,8.98
267,Lukić,Saša,Lukić,IPS,MID,4.9,11,2.2,1.5,0.1,a,,,400,0,1,0,0,15.8,0.02,0.41,0.43,7.37
300,Walton,Christian,Walton,IPS,GKP,4.4,2,2.0,1.0,0.4,a,,,90,0,0,0,0,1.2,0.00,0.01,0.01,2.24
301,Palmer,Alex,Palmer,IPS,GKP,4.0,0,0.0,0.0,3.9,a,,,0,0,0,0,0,0.0,0.00,0.00,0.00,0.00
302,Button,David,Button,IPS,GKP,4.0,0,0.0,0.0,0.6,a,,,0,0,0,0,0,0.0,0.00,0.00,0.00,0.00
303,Kipré,Cédric,Kipré,IPS,DEF,3.9,0,0.0,0.0,0.9,a,,,0,0,0,0,0,0.0,0.00,0.00,0.00,0.00
304,O'Shea,Dara,O'Shea,IPS,DEF,4.0,10,2.0,1.5,2.7,a,,,450,0,0,0,0,22.1,0.07,0.26,0.33,8.98
305,Davis,Leif,Davis,IPS,DEF,4.0,25,5.0,8.0,7.0,a,,,450,2,2,0,1,32.5,1.59,0.46,2.05,8.98
306,Greaves,Jacob,Greaves,IPS,DEF,4.0,3,0.8,0.5,1.1,a,,,357,0,0,0,0,9.0,0.00,0.06,0.06,6.74
307,Johnson,Ben,Johnson,IPS,DEF,4.0,0,0.0,0.0,0.1,u,0,Has joined Stoke City on loan for the rest of the season,0,0,0,0,0,0.0,0.00,0.00,0.00,0.00
308,Furlong,Darnell,Furlong,IPS,DEF,3.9,1,1.0,0.0,0.6,a,,,17,0,0,0,0,0.6,0.00,0.00,0.00,0.86
309,Núñez,Marcelino,Núñez,IPS,MID,4.9,6,3.0,0.0,0.1,a,,,140,0,0,0,0,5.0,0.03,0.05,0.08,3.48
310,Matusiwa,Azor,Matusiwa,IPS,MID,4.9,0,0.0,0.0,0.0,a,100,,0,0,0,0,0,0.0,0.00,0.00,0.00,0.00
311,Burns,Wes,Burns,IPS,MID,5.0,0,0.0,0.0,0.0,u,0,Has joined Leicester City permanently,0,0,0,0,0,0.0,0.00,0.00,0.00,0.00
312,Taylor,Jack,Taylor,IPS,MID,4.4,0,0.0,0.0,0.0,i,0,Knee injury - Unknown return date,0,0,0,0,0,0.0,0.00,0.00,0.00,0.00
313,Clarke,Jack,Clarke,IPS,MID,5.4,11,2.8,1.5,0.2,a,,,170,1,0,0,1,15.2,0.30,0.37,0.67,1.97
314,Ogbene,Chiedozie,Ogbene,IPS,MID,4.9,0,0.0,0.0,0.0,u,0,Has joined Lincoln City on loan until January,0,0,0,0,0,0.0,0.00,0.00,0.00,0.00
315,Fatawu,Abdul,Fatawu,IPS,MID,5.4,8,1.6,0.0,0.2,s,0,Suspended until 17 Oct,352,0,1,0,0,24.0,0.17,1.11,1.28,7.79
316,Emersonn,Emersonn,Correia da Silva,IPS,FWD,5.5,26,5.2,7.0,3.7,a,100,,317,2,1,0,6,25.3,1.61,0.12,1.73,4.29
317,Hirst,George,Hirst,IPS,FWD,5.0,0,0.0,0.0,0.1,u,0,Has joined Stoke City permanently,0,0,0,0,0,0.0,0.00,0.00,0.00,0.00
318,Philogene,Jaden,Philogene,IPS,MID,5.4,2,1.0,1.0,0.1,a,100,,52,0,0,0,0,2.2,0.08,0.01,0.08,0.97
319,Szmodics,Sam,Szmodics,IPS,MID,5.0,0,0.0,0.0,0.0,u,0,Has joined Derby County on loan for the rest of the season,0,0,0,0,0,0.0,0.00,0.00,0.00,0.00
320,Akpom,Chuba,Akpom,IPS,FWD,5.0,7,2.3,0.5,1.2,a,,,78,1,0,0,0,6.1,1.14,0.00,1.14,4.20
321,Walle Egeli,Sindre,Walle Egeli,IPS,FWD,4.5,1,1.0,0.0,3.5,a,,,10,0,0,0,0,0.0,0.00,0.00,0.00,0.03
322,Al-Hamadi,Ali,Al-Hamadi,IPS,FWD,5.0,0,0.0,0.0,0.0,u,0,Has joined Sheffield Wednesday on loan for the rest of the season,0,0,0,0,0,0.0,0.00,0.00,0.00,0.00
323,McAteer,Kasey,McAteer,IPS,MID,4.4,3,1.0,0.0,1.0,a,,,42,0,0,0,0,1.4,0.05,0.00,0.05,0.21
324,Mehmeti,Anis,Mehmeti,IPS,MID,4.8,0,0.0,0.0,0.0,a,,,0,0,0,0,0,0.0,0.00,0.00,0.00,0.00
554,Van Oevelen,Kayne,van Oevelen,IPS,GKP,4.5,0,0.0,0.0,0.0,u,0,Has joined Valencia on loan for the rest of the season,0,0,0,0,0,0.0,0.00,0.00,0.00,0.00
562,Maeda,Daizen,Maeda,IPS,MID,5.3,8,1.6,1.0,0.2,a,,,259,0,0,0,0,8.1,0.71,0.02,0.73,6.05
564,Scherpen,Kjell,Scherpen,IPS,GKP,4.5,7,1.8,0.5,0.6,a,,,360,0,0,0,0,10.3,0.00,0.01,0.01,6.74
571,Florentino,Florentino Ibrain,Morris Luís,IPS,MID,4.8,2,1.0,1.0,0.1,a,100,,30,0,0,0,0,3.2,0.00,0.01,0.01,0.75
591,Enciso,Julio,Enciso,IPS,MID,5.5,15,3.0,2.0,0.8,a,100,,413,0,2,0,0,23.6,1.26,0.89,2.15,8.47
592,Ouattara,Abdoul,Ouattara,IPS,DEF,4.0,6,1.2,1.5,0.9,a,,,131,0,0,0,0,7.6,0.02,0.03,0.05,3.13
602,Humphreys,Cameron,Humphreys,IPS,MID,4.5,0,0.0,0.0,0.0,u,0,Has joined Huddersfield Town on loan for the rest of the season,0,0,0,0,0,0.0,0.00,0.00,0.00,0.00
619,Palacios,Exequiel,Palacios,IPS,MID,5.0,11,2.8,3.0,0.1,a,,,275,0,0,0,0,10.6,0.00,0.09,0.09,5.30
640,Flemming,Zian,Flemming,IPS,FWD,5.5,6,2.0,2.5,0.1,a,,,60,1,0,0,0,10.5,0.64,0.01,0.65,0.63
260,Wilson,Harry,Wilson,LEE,MID,6.2,5,1.2,0.5,1.6,i,0,Thigh injury - Unknown return date,145,0,0,1,0,8.5,0.01,0.09,0.10,3.28
326,Perri,Lucas Estella,Perri,LEE,GKP,4.5,0,0.0,0.0,0.3,u,0,Has joined Torino on loan for the rest of the season,0,0,0,0,0,0.0,0.00,0.00,0.00,0.00
327,Bijol,Jaka,Bijol,LEE,DEF,5.0,12,4.0,0.0,0.7,a,,,164,0,0,1,2,5.4,0.11,0.00,0.11,3.16
329,Rodon,Joe,Rodon,LEE,DEF,4.3,7,3.5,0.0,0.8,i,0,Hamstring injury - Expected back 21 Nov,123,0,0,1,0,4.5,0.03,0.06,0.09,1.01
330,Bogle,Jayden,Bogle,LEE,DEF,4.6,42,8.4,10.0,7.4,a,,,365,2,0,4,6,26.2,1.38,0.08,1.46,2.89
331,Gudmundsson,Gabriel,Gudmundsson,LEE,DEF,4.5,14,4.7,6.0,0.1,a,100,,252,0,0,2,0,7.7,0.00,0.21,0.21,3.83
332,Justin,James,Justin,LEE,DEF,4.5,26,5.2,5.0,1.4,a,,,450,0,0,2,4,20.0,0.22,0.42,0.64,6.46
333,Bornauw,Sebastiaan,Bornauw,LEE,DEF,4.5,0,0.0,0.0,0.0,u,0,Has joined Hamburg SV on loan for the rest of the season,0,0,0,0,0,0.0,0.00,0.00,0.00,0.00
334,Muharemović,Tarik,Muharemović,LEE,DEF,5.0,27,5.4,6.5,4.3,a,,,450,0,1,2,0,20.2,0.49,0.05,0.54,6.46
335,Stach,Anton,Stach,LEE,MID,6.0,27,5.4,4.0,2.5,a,,,447,1,0,3,3,26.5,0.97,0.31,1.28,6.17
336,Okafor,Noah,Okafor,LEE,MID,5.8,18,3.6,6.0,0.4,a,,,299,1,0,3,1,14.8,0.17,0.27,0.44,2.37
337,Aaronson,Brenden,Aaronson,LEE,MID,5.3,7,1.4,1.0,0.5,a,,,194,0,0,1,0,2.5,0.01,0.02,0.03,3.78
338,Ampadu,Ethan,Ampadu,LEE,MID,5.4,21,4.2,6.0,0.9,a,,,450,0,1,2,0,16.1,0.08,0.26,0.34,6.46
339,Longstaff,Sean,Longstaff,LEE,MID,4.8,2,1.0,0.5,0.1,a,,,10,0,0,0,0,0.0,0.00,0.00,0.00,0.35
341,Gnonto,Wilfried,Gnonto,LEE,MID,5.0,0,0.0,0.0,0.0,u,0,Has joined ACF Fiorentina on loan for the rest of the season,0,0,0,0,0,0.0,0.00,0.00,0.00,0.00
342,Harrison,Jack,Harrison,LEE,MID,5.0,0,0.0,0.0,0.0,u,0,Has joined New England Revolution permanently,0,0,0,0,0,0.0,0.00,0.00,0.00,0.00
343,James,Daniel,James,LEE,MID,4.9,3,1.0,1.0,0.1,a,,,52,0,0,0,0,1.9,0.35,0.01,0.36,1.61
344,Gruev,Ilia,Gruev,LEE,MID,5.0,0,0.0,0.0,0.0,a,100,,0,0,0,0,0,0.0,0.00,0.00,0.00,0.00
345,Tanaka,Tanaka,Ao,LEE,MID,4.9,14,3.5,4.0,0.3,a,,,255,0,2,2,0,8.6,0.73,0.05,0.78,3.24
346,Calvert-Lewin,Dominic,Calvert-Lewin,LEE,FWD,6.0,22,4.4,6.0,24.7,a,,,419,2,1,3,4,28.2,3.00,0.08,3.08,4.85
347,Nmecha,Lukas,Nmecha,LEE,FWD,5.4,7,1.8,1.0,0.5,a,,,64,0,1,0,0,5.7,0.27,0.15,0.42,2.90
348,Piroe,Joël,Piroe,LEE,FWD,5.0,0,0.0,0.0,0.1,u,0,Has joined West Ham United on loan for the rest of the season,0,0,0,0,0,0.0,0.00,0.00,0.00,0.00
349,Mateo Joseph,Mateo,Joseph Fernández-Regatillo,LEE,FWD,4.5,0,0.0,0.0,0.1,i,0,Knee injury - Unknown return date,0,0,0,0,0,0.0,0.00,0.00,0.00,0.00
385,Trafford,James,Trafford,LEE,GKP,5.0,28,5.6,6.5,5.5,a,,,450,0,0,2,5,14.9,0.00,0.00,0.00,6.46
598,Elvedi,Nico,Elvedi,LEE,DEF,4.5,13,3.2,4.0,0.1,a,,,326,0,0,1,0,14.8,0.12,0.58,0.70,5.45
603,Lienou,Jayden,Lienou,LEE,DEF,4.0,0,0.0,0.0,0.1,a,,,0,0,0,0,0,0.0,0.00,0.00,0.00,0.00
604,Cresswell,Alfie,Cresswell,LEE,MID,4.5,0,0.0,0.0,0.1,a,,,0,0,0,0,0,0.0,0.00,0.00,0.00,0.00
625,Cairns,Alex,Cairns,LEE,GKP,4.0,0,0.0,0.0,0.2,a,,,0,0,0,0,0,0.0,0.00,0.00,0.00,0.00
629,Zetterer,Michael,Zetterer,LEE,GKP,4.0,0,0.0,0.0,0.7,a,,,0,0,0,0,0,0.0,0.00,0.00,0.00,0.00
641,Bard,Melvin,Bard,LEE,DEF,4.5,1,1.0,0.5,0.0,a,,,18,0,0,0,0,1.5,0.00,0.00,0.00,0.30
648,Bahoya,Jean-Mattéo,Bahoya,LEE,MID,5.0,1,1.0,0.5,0.0,a,,,1,0,0,0,0,0.1,0.00,0.00,0.00,0.00
350,A.Becker,Alisson,Becker,LIV,GKP,5.5,27,5.4,8.5,4.2,a,,,450,0,0,3,5,9.9,0.00,0.00,0.00,6.12
351,Mamardashvili,Giorgi,Mamardashvili,LIV,GKP,4.8,0,0.0,0.0,0.1,a,,,0,0,0,0,0,0.0,0.00,0.00,0.00,0.00
352,Woodman,Freddie,Woodman,LIV,GKP,4.0,0,0.0,0.0,1.0,a,,,0,0,0,0,0,0.0,0.00,0.00,0.00,0.00
353,Pecsi,Armin,Pecsi,LIV,GKP,4.0,0,0.0,0.0,0.0,u,0,Has joined TSV Hartberg on loan for the rest of the season,0,0,0,0,0,0.0,0.00,0.00,0.00,0.00
354,Jaros,Vitezslav,Jaros,LIV,GKP,4.0,0,0.0,0.0,0.0,i,0,Knee injury - Unknown return date,0,0,0,0,0,0.0,0.00,0.00,0.00,0.00
355,Davies,Harvey,Davies,LIV,GKP,4.0,0,0.0,0.0,0.2,a,,,0,0,0,0,0,0.0,0.00,0.00,0.00,0.00
356,Virgil,Virgil,van Dijk,LIV,DEF,6.5,25,5.0,8.0,16.2,a,,,450,0,0,3,0,17.4,0.25,0.08,0.33,6.12
357,Frimpong,Jeremie,Frimpong,LIV,DEF,5.3,2,0.7,0.5,1.7,a,,,178,0,0,0,0,13.2,0.01,0.23,0.24,3.91
358,Kerkez,Milos,Kerkez,LIV,DEF,5.3,13,2.6,3.5,2.2,a,,,385,0,0,2,0,13.7,0.07,0.08,0.15,5.65
359,Gomez,Joe,Gomez,LIV,DEF,4.9,0,0.0,0.0,0.0,a,100,,0,0,0,0,0,0.0,0.00,0.00,0.00,0.00
360,Bradley,Conor,Bradley,LIV,DEF,5.0,0,0.0,0.0,0.0,i,0,Knee injury - Unknown return date,0,0,0,0,0,0.0,0.00,0.00,0.00,0.00
361,Lucky,Wellity,Lucky,LIV,DEF,4.0,0,0.0,0.0,0.1,a,,,0,0,0,0,0,0.0,0.00,0.00,0.00,0.00
362,Jacquet,Jeremy,Jacquet,LIV,DEF,5.0,24,4.8,7.5,3.5,d,75,Hamstring injury - 75% chance of playing,415,0,0,3,3,15.5,0.00,0.14,0.14,5.51
363,Leoni,Giovanni,Leoni,LIV,DEF,4.0,0,0.0,0.0,0.0,i,0,Knee injury - Unknown return date,0,0,0,0,0,0.0,0.00,0.00,0.00,0.00
364,Tsimikas,Kostas,Tsimikas,LIV,DEF,4.9,2,1.0,0.5,0.1,a,,,64,0,0,0,0,1.8,0.04,0.02,0.06,0.47
365,Ramsay,Calvin,Ramsay,LIV,DEF,4.0,0,0.0,0.0,0.1,u,0,Has joined St Mirren on loan for the rest of the season,0,0,0,0,0,0.0,0.00,0.00,0.00,0.00
366,Wirtz,Florian,Wirtz,LIV,MID,7.3,18,3.6,4.5,5.7,a,,,402,0,2,3,0,31.4,1.00,0.40,1.40,4.82
367,Gakpo,Cody,Gakpo,LIV,MID,7.2,32,6.4,2.0,12.1,d,75,Ankle injury - 75% chance of playing,370,1,3,2,5,35.2,0.64,1.71,2.35,5.51
368,Szoboszlai,Dominik,Szoboszlai,LIV,MID,6.9,20,4.0,2.5,32.5,a,,,440,1,0,3,1,34.4,1.42,0.82,2.24,5.99
369,Ngumoha,Rio,Ngumoha,LIV,MID,5.7,4,1.3,0.5,0.5,a,,,99,0,0,0,0,2.1,0.15,0.05,0.20,0.68
370,Chiesa,Federico,Chiesa,LIV,MID,5.3,0,0.0,0.0,0.0,i,0,Back injury - Unknown return date,0,0,0,0,0,0.0,0.00,0.00,0.00,0.00
371,Gravenberch,Ryan,Gravenberch,LIV,MID,5.8,9,1.8,1.0,1.1,a,,,190,0,1,0,0,9.9,0.10,0.08,0.18,2.02
372,Mac Allister,Alexis,Mac Allister,LIV,MID,5.4,11,2.2,3.0,1.3,a,,,306,0,0,2,0,13.5,0.10,0.49,0.59,4.85
373,C.Jones,Curtis,Jones,LIV,MID,5.5,0,0.0,0.0,0.0,u,0,Has joined Internazionale permanently,0,0,0,0,0,0.0,0.00,0.00,0.00,0.00
374,Endo,Endo,Wataru,LIV,MID,4.9,0,0.0,0.0,0.1,a,100,,0,0,0,0,0,0.0,0.00,0.00,0.00,0.00
375,Nyoni,Trey,Nyoni,LIV,MID,4.9,3,1.0,0.5,0.0,a,,,38,0,0,0,0,1.9,0.00,0.00,0.00,0.36
376,Bajcetic,Stefan,Bajčetić Maquieira,LIV,MID,5.0,0,0.0,0.0,0.0,u,0,Has joined Celta Vigo permanently,0,0,0,0,0,0.0,0.00,0.00,0.00,0.00
377,Munoz,Victor,Munoz,LIV,MID,6.5,15,3.0,1.0,0.9,a,,,257,1,1,1,0,18.5,0.52,0.31,0.83,4.63
378,McConnell,James,McConnell,LIV,MID,4.4,0,0.0,0.0,0.2,a,,,0,0,0,0,0,0.0,0.00,0.00,0.00,0.00
379,Isak,Alexander,Isak,LIV,FWD,9.1,33,6.6,5.0,22.1,d,75,Thigh injury - 75% chance of playing,413,4,0,3,8,40.0,3.54,0.08,3.62,5.82
380,Ekitiké,Hugo,Ekitiké,LIV,FWD,7.4,0,0.0,0.0,0.1,i,0,Achilles injury - Unknown return date,0,0,0,0,0,0.0,0.00,0.00,0.00,0.00
381,Koumas,Lewis,Koumas,LIV,MID,5.0,3,1.0,0.5,0.0,a,,,22,0,0,0,0,2.9,0.28,0.00,0.28,0.72
382,Danns,Jayden,Danns,LIV,FWD,4.5,0,0.0,0.0,0.2,a,100,,0,0,0,0,0,0.0,0.00,0.00,0.00,0.00
383,Elliott,Harvey,Elliott,LIV,MID,5.4,0,0.0,0.0,0.0,u,0,Has joined Valencia on loan for the rest of the season,0,0,0,0,0,0.0,0.00,0.00,0.00,0.00
579,Araujo,Ronald,Araujo,LIV,DEF,5.4,22,4.4,6.5,3.1,a,,,284,0,0,3,1,7.7,0.00,0.06,0.06,2.75
627,Barcola,Bradley,Barcola,LIV,MID,8.0,7,2.3,3.0,1.9,a,,,168,0,0,2,0,7.0,0.26,0.13,0.39,1.43
155,Enzo,Enzo,Fernández,MCI,MID,6.9,13,3.2,4.5,3.7,a,,,271,1,0,2,0,17.8,0.35,0.53,0.88,5.35
237,Ndiaye,Iliman,Ndiaye,MCI,MID,5.8,22,4.4,3.0,6.6,a,,,385,0,2,2,1,26.1,0.38,0.58,0.96,9.42
384,Donnarumma,Gianluigi,Donnarumma,MCI,GKP,5.5,19,3.8,4.5,7.6,a,,,450,0,0,2,0,11.4,0.00,0.00,0.00,7.25
386,Bettinelli,Marcus,Bettinelli,MCI,GKP,4.5,0,0.0,0.0,0.0,a,,,0,0,0,0,0,0.0,0.00,0.00,0.00,0.00
387,O'Reilly,Nico,O'Reilly,MCI,DEF,6.3,6,1.5,1.0,10.8,d,75,Unspecified injury - 75% chance of playing,163,0,0,0,0,9.0,0.87,0.43,1.30,2.10
388,Guéhi,Marc,Guéhi,MCI,DEF,6.0,30,6.0,5.0,18.1,a,,,450,1,1,2,4,24.3,0.95,0.39,1.34,7.25
389,Matheus N.,Matheus,Nunes,MCI,DEF,5.9,11,3.7,5.0,1.0,a,100,,213,0,0,1,1,7.0,0.00,0.06,0.06,4.67
390,Rúben,Rúben,dos Santos Gato Alves Dias,MCI,DEF,5.5,17,3.4,3.5,1.9,a,,,450,0,0,2,0,18.7,0.29,0.74,1.03,7.25
391,Gvardiol,Joško,Gvardiol,MCI,DEF,5.7,37,7.4,7.5,26.9,a,,,434,1,3,2,6,24.0,0.22,0.74,0.96,7.25
392,Aït-Nouri,Rayan,Aït-Nouri,MCI,DEF,5.2,0,0.0,0.0,0.4,a,,,0,0,0,0,0,0.0,0.00,0.00,0.00,0.00
393,Khusanov,Abdukodir,Khusanov,MCI,DEF,5.4,9,3.0,0.0,1.4,a,,,268,0,0,1,0,6.8,0.00,0.06,0.06,2.68
394,Alleyne,Max,Alleyne,MCI,DEF,5.0,0,0.0,0.0,0.0,u,0,Has joined Burnley on loan for the rest of the season,0,0,0,0,0,0.0,0.00,0.00,0.00,0.00
395,Lewis,Rico,Lewis,MCI,DEF,4.4,1,1.0,0.0,0.2,a,,,56,0,0,0,0,4.7,0.17,0.02,0.19,0.55
396,Vitor Reis,Vitor,de Oliveira Nunes dos Reis,MCI,DEF,4.5,1,1.0,0.0,0.0,a,,,1,0,0,0,0,0.2,0.00,0.00,0.00,0.00
397,Semenyo,Antoine,Semenyo,MCI,MID,8.4,33,6.6,10.0,15.1,d,75,Ankle injury - 75% chance of playing,450,2,3,2,2,43.4,0.33,1.16,1.49,7.25
398,Foden,Phil,Foden,MCI,MID,6.9,9,2.2,-1.0,1.8,s,0,Suspended until 17 Oct,217,0,2,0,1,22.3,1.61,0.88,2.49,1.91
399,Cherki,Rayan,Cherki,MCI,MID,7.8,34,6.8,4.5,28.4,a,,,302,3,2,1,5,47.3,0.72,1.54,2.26,5.00
400,Doku,Jérémy,Doku,MCI,MID,7.4,1,1.0,0.5,0.7,a,100,,15,0,0,0,0,2.2,0.23,0.32,0.55,0.42
402,Rodrigo,Rodrigo 'Rodri',Hernandez Cascante,MCI,MID,6.5,0,0.0,0.0,0.0,u,0,Has joined Barcelona permanently,0,0,0,0,0,0.0,0.00,0.00,0.00,0.00
404,Reijnders,Tijjani,Reijnders,MCI,MID,6.0,0,0.0,0.0,0.0,u,0,Has joined Al Qadsiah permanently,0,0,0,0,0,0.0,0.00,0.00,0.00,0.00
406,Kovačić,Mateo,Kovačić,MCI,MID,5.3,2,1.0,0.0,0.1,a,,,42,0,0,0,0,0.9,0.00,0.02,0.02,0.10
407,Echeverri,Claudio,Echeverri,MCI,MID,4.9,0,0.0,0.0,0.0,u,0,Has joined Benfica on loan for the rest of the season,0,0,0,0,0,0.0,0.00,0.00,0.00,0.00
408,Phillips,Kalvin,Phillips,MCI,MID,5.0,0,0.0,0.0,0.0,u,0,Has joined Sheffield United on loan for the rest of the season,0,0,0,0,0,0.0,0.00,0.00,0.00,0.00
409,Mukasa,Divine,Mukasa,MCI,MID,4.5,0,0.0,0.0,0.1,u,0,has joined West Ham on loan for the rest of the seaon.,0,0,0,0,0,0.0,0.00,0.00,0.00,0.00
410,Monga,Jeremy,Monga,MCI,MID,4.9,0,0.0,0.0,0.0,u,0,Has joined Swansea City on loan for the rest of the season,0,0,0,0,0,0.0,0.00,0.00,0.00,0.00
411,Haaland,Erling,Haaland,MCI,FWD,15.6,39,7.8,7.5,73.9,a,,,450,5,0,2,9,46.5,4.42,0.53,4.95,7.25
481,Anderson,Elliot,Anderson,MCI,MID,6.3,15,3.0,3.5,4.0,a,100,,413,0,0,2,0,18.4,0.11,0.67,0.78,7.15
587,Rulli,Gerónimo,Rulli,MCI,GKP,5.0,0,0.0,0.0,0.0,a,,,0,0,0,0,0,0.0,0.00,0.00,0.00,0.00
616,Bouaddi,Ayyoub,Bouaddi,MCI,MID,5.5,2,1.0,0.0,0.2,a,,,22,0,0,0,0,1.8,0.00,0.12,0.12,0.37
621,McAidoo,Ryan,McAidoo,MCI,MID,4.5,2,1.0,0.0,0.1,a,,,11,0,0,0,0,0.8,0.10,0.00,0.10,0.02
622,Braithwaite,Kaden,Braithwaite,MCI,DEF,4.0,1,1.0,0.0,0.2,a,,,1,0,0,0,0,0.1,0.00,0.00,0.00,0.00
628,Allan,Allan,Andrade Elias,MCI,MID,6.0,0,0.0,0.0,0.0,a,,,0,0,0,0,0,0.0,0.00,0.00,0.00,0.00
653,Samba,Floyd,Samba,MCI,MID,4.5,0,0.0,0.0,0.0,a,,,0,0,0,0,0,0.0,0.00,0.00,0.00,0.00
43,Tielemans,Youri,Tielemans,MUN,MID,5.8,14,2.8,3.0,1.5,a,100,,402,0,0,0,0,24.4,0.65,0.52,1.17,6.16
131,Baleba,Carlos,Baleba,MUN,MID,4.9,0,0.0,0.0,0.1,a,100,,0,0,0,0,0,0.0,0.00,0.00,0.00,0.00
162,Andrey Santos,Andrey,Nascimento dos Santos,MUN,MID,4.8,4,1.3,0.0,0.6,a,,,82,0,0,0,0,3.9,0.00,0.24,0.24,2.03
325,Darlow,Karl,Darlow,MUN,GKP,4.5,0,0.0,0.0,0.0,d,75,Unspecified injury - 75% chance of playing,0,0,0,0,0,0.0,0.00,0.00,0.00,0.00
412,Lammens,Senne,Lammens,MUN,GKP,4.9,11,2.2,3.0,9.9,a,,,450,0,0,0,0,13.3,0.00,0.00,0.00,6.80
413,Bayindir,Altay,Bayındır,MUN,GKP,4.5,0,0.0,0.0,0.0,u,0,Has joined Celta Vigo on loan for the rest of the season,0,0,0,0,0,0.0,0.00,0.00,0.00,0.00
414,Heaton,Tom,Heaton,MUN,GKP,4.0,0,0.0,0.0,0.1,i,0,Hamstring injury - Unknown return date,0,0,0,0,0,0.0,0.00,0.00,0.00,0.00
415,Dorgu,Patrick,Dorgu,MUN,MID,5.8,10,2.0,4.0,0.5,d,75,Hamstring injury - 75% chance of playing,171,0,1,0,0,15.6,0.78,0.09,0.87,3.38
416,De Ligt,Matthijs,de Ligt,MUN,DEF,4.9,0,0.0,0.0,0.0,i,0,Back injury - Unknown return date,0,0,0,0,0,0.0,0.00,0.00,0.00,0.00
417,Dalot,Diogo,Dalot Teixeira,MUN,DEF,4.9,8,1.6,2.0,1.6,a,,,346,0,0,0,0,20.2,0.24,0.23,0.47,4.70
418,Maguire,Harry,Maguire,MUN,DEF,4.8,10,2.0,1.5,8.6,a,,,450,0,1,0,0,18.6,0.20,0.46,0.66,6.80
419,Martinez,Lisandro,Martínez,MUN,DEF,4.9,6,1.5,1.0,1.3,a,100,,360,0,0,0,0,11.8,0.21,0.16,0.37,5.79
420,Yoro,Leny,Yoro,MUN,DEF,4.8,2,1.0,0.0,0.5,a,,,22,0,0,0,0,1.3,0.00,0.02,0.02,1.09
421,Heaven,Ayden,Heaven,MUN,DEF,4.3,1,1.0,0.0,0.3,a,,,90,0,0,0,0,2.0,0.12,0.04,0.16,1.01
422,Mazraoui,Noussair,Mazraoui,MUN,DEF,4.4,3,1.0,0.0,0.5,d,75,Back injury - 75% chance of playing,97,0,0,0,0,6.4,0.22,0.06,0.28,2.08
423,Shaw,Luke,Shaw,MUN,DEF,4.3,9,2.2,1.0,7.6,a,100,,335,0,1,0,0,20.1,0.03,0.58,0.61,4.63
424,Amass,Harry,Amass,MUN,DEF,4.0,0,0.0,0.0,0.2,a,,,0,0,0,0,0,0.0,0.00,0.00,0.00,0.00
425,Fredricson,Tyler,Fredricson,MUN,DEF,4.0,0,0.0,0.0,0.0,u,0,Has joined Lausanne-Sport permanently,0,0,0,0,0,0.0,0.00,0.00,0.00,0.00
426,B.Fernandes,Bruno,Borges Fernandes,MUN,MID,11.9,31,6.2,2.0,38.4,a,,,450,3,1,0,3,54.6,2.56,1.32,3.88,6.80
427,Mbeumo,Bryan,Mbeumo,MUN,MID,7.9,25,5.0,2.0,20.5,a,,,450,2,1,0,3,44.2,3.07,0.80,3.87,6.80
428,Cunha,Matheus,Santos Carneiro da Cunha,MUN,MID,7.9,26,5.2,6.0,5.8,a,,,407,1,2,1,4,30.0,0.63,0.83,1.46,5.44
429,Rashford,Marcus,Rashford,MUN,MID,7.0,10,2.0,2.0,1.4,d,75,Unspecified injury - 75% chance of playing,351,0,0,1,0,37.3,0.78,0.43,1.21,4.50
430,Mount,Mason,Mount,MUN,MID,5.4,1,1.0,0.5,0.0,a,100,,10,0,0,0,0,0.7,0.09,0.01,0.10,0.00
431,Amad,Amad,Diallo,MUN,MID,5.7,0,0.0,0.0,0.3,i,0,Unspecified injury - Unknown return date,0,0,0,0,0,0.0,0.00,0.00,0.00,0.00
432,Mainoo,Kobbie,Mainoo,MUN,MID,5.5,22,4.4,4.0,1.5,d,75,Unspecified injury - 75% chance of playing,354,0,1,0,2,19.3,0.30,0.52,0.82,4.77
433,Ugarte,Manuel,Ugarte Ribeiro,MUN,MID,5.0,0,0.0,0.0,0.0,i,0,Knee injury - Unknown return date,0,0,0,0,0,0.0,0.00,0.00,0.00,0.00
434,J.Fletcher,Jack,Fletcher,MUN,MID,4.9,0,0.0,0.0,0.0,a,,,0,0,0,0,0,0.0,0.00,0.00,0.00,0.00
435,Lacey,Shea,Lacey,MUN,MID,4.9,1,1.0,0.0,0.1,a,,,10,0,0,0,0,0.1,0.00,0.00,0.00,0.00
436,Collyer,Toby,Collyer,MUN,MID,5.0,0,0.0,0.0,0.0,u,0,Has joined West Brom permanently,0,0,0,0,0,0.0,0.00,0.00,0.00,0.00
437,Bendito Mantato,Bendito,Mantato,MUN,MID,4.4,0,0.0,0.0,0.2,a,,,0,0,0,0,0,0.0,0.00,0.00,0.00,0.00
438,Fletcher,Tyler,Fletcher,MUN,MID,4.4,0,0.0,0.0,0.3,a,,,0,0,0,0,0,0.0,0.00,0.00,0.00,0.00
439,Šeško,Benjamin,Sesko,MUN,FWD,7.0,8,2.0,0.5,1.6,d,75,Shin injury - 75% chance of playing,76,1,0,0,0,8.2,0.39,0.01,0.40,2.00
440,Zirkzee,Joshua,Zirkzee,MUN,FWD,5.3,2,1.0,1.0,0.4,a,,,20,0,0,0,0,2.2,0.00,0.01,0.01,0.02
441,Obi,Chido,Obi,MUN,FWD,4.5,0,0.0,0.0,0.9,u,0,Has joined Willem II on loan for the rest of the season,0,0,0,0,0,0.0,0.00,0.00,0.00,0.00
405,N.Gonzalez,Nico,González Iglesias,NEW,MID,5.5,5,1.7,0.5,0.2,a,100,,164,0,0,1,0,5.8,0.00,0.21,0.21,2.34
442,Pope,Nick,Pope,NEW,GKP,4.9,0,0.0,0.0,0.9,a,,,0,0,0,0,0,0.0,0.00,0.00,0.00,0.00
443,Gillespie,Mark,Gillespie,NEW,GKP,4.5,0,0.0,0.0,0.0,a,,,0,0,0,0,0,0.0,0.00,0.00,0.00,0.00
444,Jaouen,Ewen,Jaouen,NEW,GKP,4.4,0,0.0,0.0,0.0,d,50,Ankle injury - 50% chance of playing,0,0,0,0,0,0.0,0.00,0.00,0.00,0.00
445,Thiaw,Malick,Thiaw,NEW,DEF,5.0,14,2.8,3.0,2.2,a,,,450,0,0,1,0,12.7,0.00,0.08,0.08,9.14
446,Schär,Fabian,Schär,NEW,DEF,4.9,2,1.0,0.5,0.2,a,100,,25,0,0,0,0,3.6,0.00,0.01,0.01,1.87
447,Botman,Sven,Botman,NEW,DEF,5.0,15,3.0,3.0,0.7,a,,,450,0,0,1,0,16.4,0.06,0.17,0.23,9.14
448,Burn,Dan,Burn,NEW,DEF,4.8,0,0.0,0.0,0.7,i,0,Ankle injury - Expected back 12 Oct,0,0,0,0,0,0.0,0.00,0.00,0.00,0.00
449,Hall,Lewis,Hall,NEW,DEF,5.3,31,6.2,6.5,17.6,a,,,449,1,1,1,6,30.2,0.25,0.79,1.04,9.12
450,Livramento,Tino,Livramento,NEW,DEF,4.9,4,2.0,1.5,0.1,d,75,Unspecified injury - 75% chance of playing,33,0,1,0,0,1.3,0.00,0.01,0.01,0.18
451,A.Murphy,Alex,Murphy,NEW,DEF,4.0,0,0.0,0.0,0.1,u,0,Has joined FC Kaiserslautern on loan for the rest of the season,0,0,0,0,0,0.0,0.00,0.00,0.00,0.00
453,Barnes,Harvey,Barnes,NEW,MID,6.1,28,5.6,5.5,5.9,a,,,450,1,3,1,3,28.2,0.62,0.48,1.10,9.14
454,Elanga,Anthony,Elanga,NEW,MID,6.1,18,6.0,0.0,4.4,i,0,Unspecified injury - Unknown return date,232,2,0,1,2,19.4,0.42,0.34,0.76,4.01
456,J.Ramsey,Jacob,Ramsey,NEW,MID,4.8,7,2.3,0.0,0.2,i,0,Thigh injury - Unknown return date,69,1,0,0,0,6.7,0.17,0.16,0.33,1.92
457,J.Murphy,Jacob,Murphy,NEW,MID,5.9,3,0.6,0.5,0.1,a,,,181,0,0,0,0,4.9,0.03,0.41,0.44,4.96
458,Joelinton,Joelinton Cássio,Apolinário de Lira,NEW,MID,5.4,0,0.0,0.0,0.0,i,0,Unspecified injury - Unknown return date,0,0,0,0,0,0.0,0.00,0.00,0.00,0.00
459,L.Miley,Lewis,Miley,NEW,MID,5.5,12,2.4,2.0,0.1,d,75,Unspecified injury - 75% chance of playing,396,0,0,1,0,12.0,0.05,0.14,0.19,7.95
460,Willock,Joe,Willock,NEW,MID,5.0,22,4.4,5.5,0.6,a,,,284,2,0,1,3,19.4,0.81,0.30,1.11,5.19
461,Touré,Bazoumana,Touré,NEW,MID,5.8,8,2.7,3.5,0.1,a,,,50,1,0,0,0,6.4,0.28,0.01,0.29,0.76
462,Steur,Sean,Steur,NEW,MID,4.9,8,1.6,2.5,0.1,a,,,223,0,0,1,0,8.8,0.00,0.06,0.06,4.23
463,Woltemade,Nick,Woltemade,NEW,FWD,5.9,4,4.0,0.0,0.5,u,0,Has joined Juventus on loan for the rest of the season,19,0,1,0,0,4.0,0.02,0.01,0.03,0.38
464,Wissa,Yoane,Wissa,NEW,FWD,6.2,15,3.0,1.0,18.7,a,,,441,1,1,1,2,23.3,2.35,0.06,2.41,7.97
465,Osula,William,Osula,NEW,FWD,5.8,4,4.0,0.0,0.3,i,0,Foot injury - Unknown return date,55,0,1,0,0,5.0,0.06,0.14,0.20,1.48
466,Neave,Sean,Neave,NEW,FWD,4.5,0,0.0,0.0,0.5,u,0,Has joined Wolves on loan for the rest of the season,0,0,0,0,0,0.0,0.00,0.00,0.00,0.00
559,Bamba,Aladji,Bamba,NEW,MID,4.9,3,1.0,1.0,0.1,a,,,27,0,0,0,0,1.2,0.00,0.00,0.00,1.29
567,Horníček,Lukás,Hornícek,NEW,GKP,5.0,14,2.8,2.0,1.5,a,,,450,0,0,1,0,15.5,0.00,0.00,0.00,9.14
593,Dedić,Amar,Dedic,NEW,DEF,4.5,13,3.2,0.0,1.8,i,0,Unspecified injury - Unknown return date,327,0,1,1,2,12.6,0.14,0.08,0.22,7.38
609,Shahar,Leo,Shahar,NEW,DEF,4.0,0,0.0,0.0,0.2,u,0,has joined Arouca on loan for the rest of the seaon.,0,0,0,0,0,0.0,0.00,0.00,0.00,0.00
634,Fernandez-Pardo,Matias,Fernandez-Pardo,NEW,FWD,6.0,4,1.3,1.5,0.1,a,,,157,0,0,0,0,3.1,0.05,0.01,0.06,2.94
659,Miley,Mason,Miley,NEW,MID,4.5,0,0.0,0.0,0.0,a,,,0,0,0,0,0,0.0,0.00,0.00,0.00,0.00
663,Pivas,Miodrag,Pivas,NEW,DEF,4.0,0,0.0,0.0,0.0,a,,,0,0,0,0,0,0.0,0.00,0.00,0.00,0.00
664,Salia,Vakhtang,Salia,NEW,FWD,4.5,0,0.0,0.0,0.1,a,,,0,0,0,0,0,0.0,0.00,0.00,0.00,0.00
665,Mills,Michael,Mills,NEW,MID,4.5,0,0.0,0.0,0.0,a,,,0,0,0,0,0,0.0,0.00,0.00,0.00,0.00
666,Thompson,Kyran,Thompson,NEW,MID,4.5,0,0.0,0.0,0.0,a,,,0,0,0,0,0,0.0,0.00,0.00,0.00,0.00
167,Delap,Liam,Delap,NFO,FWD,5.6,9,2.2,3.0,2.7,a,,,277,1,0,1,0,17.9,0.89,0.35,1.24,2.62
201,Muñoz,Daniel,Muñoz Mejía,NFO,DEF,5.4,5,1.2,2.0,5.7,a,,,257,0,0,0,0,18.1,0.60,0.21,0.81,2.59
467,Sels,Matz,Sels,NFO,GKP,5.0,14,2.8,2.5,1.6,a,,,450,0,0,1,0,8.2,0.00,0.01,0.01,4.77
468,John,John Victor,Maciel Furtado,NFO,GKP,4.5,0,0.0,0.0,0.1,a,,,0,0,0,0,0,0.0,0.00,0.00,0.00,0.00
469,N.Williams,Neco,Williams,NFO,DEF,5.0,19,3.8,2.0,8.7,a,,,450,0,1,1,1,25.6,0.41,0.61,1.02,4.77
470,Morato,Felipe,Rodrigues da Silva,NFO,DEF,5.0,0,0.0,0.0,0.0,u,0,Has joined West Ham on loan for the rest of the season,0,0,0,0,0,0.0,0.00,0.00,0.00,0.00
471,Milenković,Nikola,Milenković,NFO,DEF,5.4,12,4.0,0.0,1.0,i,0,Hamstring injury - Expected back 11 Oct,270,0,0,1,0,7.0,0.11,0.03,0.14,3.28
472,Murillo,Murillo,Costa dos Santos,NFO,DEF,5.5,23,4.6,5.0,2.1,a,100,,449,0,1,1,0,21.4,0.42,0.37,0.79,4.77
473,Aina,Ola,Aina,NFO,DEF,4.4,8,2.0,1.0,2.3,a,,,306,0,0,1,0,12.7,0.04,0.53,0.57,3.72
474,Jair Cunha,Jair,Paula da Cunha Filho,NFO,DEF,4.5,11,2.8,0.5,0.2,a,100,,360,0,0,1,0,8.6,0.05,0.02,0.07,3.95
475,Savona,Nicolò,Savona,NFO,DEF,4.5,0,0.0,0.0,0.0,i,0,Knee injury - Unknown return date,0,0,0,0,0,0.0,0.00,0.00,0.00,0.00
476,O.Richards,Omar,Richards,NFO,DEF,4.0,0,0.0,0.0,0.2,a,,,0,0,0,0,0,0.0,0.00,0.00,0.00,0.00
477,Abbott,Zach,Abbott,NFO,DEF,4.0,0,0.0,0.0,0.1,u,0,Has joined Southampton on loan for the rest of the season,0,0,0,0,0,0.0,0.00,0.00,0.00,0.00
478,Netz,Luca,Netz,NFO,DEF,4.4,3,1.0,0.5,0.0,a,,,27,0,0,0,0,2.6,0.00,0.02,0.02,0.13
479,Bindon,Tyler,Bindon,NFO,DEF,4.0,0,0.0,0.0,0.1,u,0,Has joined Charlton Athletic on loan for the rest of the season,0,0,0,0,0,0.0,0.00,0.00,0.00,0.00
480,Gibbs-White,Morgan,Gibbs-White,NFO,MID,8.0,28,5.6,5.0,15.7,a,100,,450,1,2,1,6,40.6,1.56,1.42,2.98,4.77
482,Hudson-Odoi,Callum,Hudson-Odoi,NFO,MID,5.8,1,1.0,0.0,0.1,a,100,,1,0,0,0,0,0.0,0.00,0.00,0.00,0.00
483,Ndoye,Dan,Ndoye,NFO,MID,5.5,15,3.0,1.0,0.7,a,,,316,1,0,1,2,19.0,1.25,0.93,2.18,3.84
484,Hutchinson,Omari,Hutchinson,NFO,MID,5.4,0,0.0,0.0,0.1,u,0,Has joined AC Milan on loan for the rest of the season,0,0,0,0,0,0.0,0.00,0.00,0.00,0.00
485,Bakwa,Dilane,Bakwa,NFO,MID,5.5,0,0.0,0.0,0.0,u,0,Has joined Lille on loan for the rest of the season,0,0,0,0,0,0.0,0.00,0.00,0.00,0.00
486,McAtee,James,McAtee,NFO,MID,5.5,12,2.4,2.5,0.1,a,,,416,0,0,2,0,27.6,0.37,0.96,1.33,4.55
487,Dominguez,Nicolás,Domínguez,NFO,MID,4.9,1,1.0,0.0,0.1,a,,,1,0,0,0,0,0.0,0.00,0.00,0.00,0.00
488,I.Sangaré,Ibrahim,Sangaré,NFO,MID,4.8,4,1.3,1.0,0.4,a,100,,105,0,0,0,0,4.1,0.09,0.02,0.11,0.56
489,Yates,Ryan,Yates,NFO,MID,4.5,0,0.0,0.0,1.1,a,100,,0,0,0,0,0,0.0,0.00,0.00,0.00,0.00
490,Wood,Chris,Wood,NFO,FWD,5.8,4,1.0,1.0,0.9,a,,,62,0,0,0,0,0.7,0.12,0.01,0.13,0.53
491,Igor Jesus,Igor Jesus,Maciel da Cruz,NFO,FWD,5.8,12,2.4,4.0,2.6,a,,,257,1,0,0,2,19.6,1.25,0.08,1.33,2.61
493,Kalimuendo,Arnaud,Kalimuendo,NFO,FWD,5.4,1,1.0,0.0,0.1,a,,,1,0,0,0,0,0.0,0.00,0.00,0.00,0.00
558,Schlager,Xaver,Schlager,NFO,MID,5.0,13,2.6,2.5,0.1,a,,,376,0,0,1,0,12.5,0.19,0.18,0.37,4.43
581,Diomande,Ousmane,Diomande,NFO,DEF,5.4,7,2.3,3.0,0.5,a,,,163,0,0,0,0,5.2,0.16,0.01,0.17,1.45
590,Benda,Steven,Benda,NFO,GKP,4.5,0,0.0,0.0,0.1,a,,,0,0,0,0,0,0.0,0.00,0.00,0.00,0.00
112,Van Hecke,Jan Paul,van Hecke,TOT,DEF,4.9,24,4.8,7.0,6.4,d,75,Foot injury - 75% chance of playing,450,1,0,2,2,31.6,0.69,0.42,1.11,7.78
147,Tosin,Tosin,Adarabioyo,TOT,DEF,4.4,1,1.0,0.5,0.1,a,,,5,0,0,0,0,0.9,0.00,0.00,0.00,0.03
401,Marmoush,Omar,Marmoush,TOT,FWD,7.0,8,2.0,2.0,2.1,a,,,339,0,0,2,0,12.9,0.38,0.15,0.53,3.84
403,Sávio,Sávio,Moreira de Oliveira,TOT,MID,6.5,8,2.7,2.5,0.6,a,100,,240,0,0,2,0,27.8,0.41,0.70,1.11,2.76
455,Tonali,Sandro,Tonali,TOT,MID,5.3,14,2.8,2.5,1.8,a,100,,427,0,0,2,0,18.0,0.24,0.61,0.85,7.72
494,Vicario,Guglielmo,Vicario,TOT,GKP,4.5,0,0.0,0.0,0.1,u,0,Has joined Juventus on loan for the rest of the season,0,0,0,0,0,0.0,0.00,0.00,0.00,0.00
495,Austin,Brandon,Austin,TOT,GKP,4.0,0,0.0,0.0,1.0,a,,,0,0,0,0,0,0.0,0.00,0.00,0.00,0.00
496,Kinsky,Antonín,Kinský,TOT,GKP,4.5,18,3.6,4.5,17.2,a,,,450,0,0,2,0,11.5,0.00,0.00,0.00,7.78
497,Dubravka,Martin,Dubravka,TOT,GKP,4.0,0,0.0,0.0,17.1,a,,,0,0,0,0,0,0.0,0.00,0.00,0.00,0.00
498,Senesi,Marcos,Senesi Barón,TOT,DEF,5.8,3,3.0,0.0,3.5,a,,,90,0,0,0,0,3.9,0.00,0.02,0.02,3.87
499,Pedro Porro,Pedro,Porro Sauceda,TOT,DEF,5.4,9,3.0,0.5,7.5,d,75,Hamstring injury - 75% chance of playing,198,0,0,1,1,9.8,0.37,0.16,0.53,1.68
500,Romero,Cristian,Romero,TOT,DEF,5.0,0,0.0,0.0,0.1,u,0,Has joined Atletico Madrid permanently,0,0,0,0,0,0.0,0.00,0.00,0.00,0.00
502,Robertson,Andrew,Robertson,TOT,DEF,4.4,17,3.4,5.5,2.5,a,,,366,0,1,1,1,25.4,0.13,0.43,0.56,7.05
503,Van de Ven,Micky,van de Ven,TOT,DEF,5.0,16,4.0,3.5,3.8,a,100,,360,0,0,2,3,10.3,0.59,0.05,0.64,3.91
505,Spence,Djed,Spence,TOT,DEF,4.5,0,0.0,0.0,0.2,u,0,Has joined Internazionale permanently,0,0,0,0,0,0.0,0.00,0.00,0.00,0.00
506,Udogie,Destiny,Udogie,TOT,DEF,4.4,7,2.3,0.0,0.3,a,100,,86,0,0,1,0,2.7,0.00,0.23,0.23,1.17
507,Phillips,Ashley,Phillips,TOT,DEF,4.5,0,0.0,0.0,0.0,u,0,Has joined Middlesbrough permanently,0,0,0,0,0,0.0,0.00,0.00,0.00,0.00
508,Davies,Ben,Davies,TOT,DEF,3.9,0,0.0,0.0,0.9,a,,,0,0,0,0,0,0.0,0.00,0.00,0.00,0.00
509,Byfield,Jun'ai,Byfield,TOT,DEF,4.0,0,0.0,0.0,0.1,a,,,0,0,0,0,0,0.0,0.00,0.00,0.00,0.00
510,Rowswell,James,Rowswell,TOT,DEF,4.0,0,0.0,0.0,0.1,a,,,0,0,0,0,0,0.0,0.00,0.00,0.00,0.00
511,Souza,João Victor,de Souza Menezes,TOT,DEF,4.0,0,0.0,0.0,0.2,u,0,Has joined FC Porto on loan for the rest of the season,0,0,0,0,0,0.0,0.00,0.00,0.00,0.00
512,Kudus,Mohammed,Kudus,TOT,MID,6.5,7,1.8,2.5,0.2,a,100,,123,0,1,0,0,11.2,0.11,0.42,0.53,1.46
513,Xavi,Xavi,Simons,TOT,MID,5.9,0,0.0,0.0,0.0,i,0,Knee injury - Unknown return date,0,0,0,0,0,0.0,0.00,0.00,0.00,0.00
514,Tel,Mathys,Tel,TOT,MID,5.7,8,2.0,0.5,0.2,a,,,257,0,0,1,0,14.6,0.21,0.23,0.44,5.55
515,Maddison,James,Maddison,TOT,MID,6.3,3,1.0,1.0,0.4,a,100,,59,0,0,0,0,5.6,0.06,0.04,0.10,1.03
516,Bentancur,Rodrigo,Bentancur,TOT,MID,5.5,15,3.0,3.5,0.2,a,,,370,0,0,2,0,12.6,0.02,0.12,0.14,5.59
517,Odobert,Wilson,Odobert,TOT,MID,5.5,0,0.0,0.0,0.0,i,0,Knee injury - Unknown return date,0,0,0,0,0,0.0,0.00,0.00,0.00,0.00
518,P.M.Sarr,Pape Matar,Sarr,TOT,MID,4.9,0,0.0,0.0,0.1,u,0,Has joined Juventus on loan for the rest of the season,0,0,0,0,0,0.0,0.00,0.00,0.00,0.00
519,Gallagher,Conor,Gallagher,TOT,MID,5.3,9,3.0,3.0,0.2,a,,,134,1,0,1,0,9.6,0.37,0.12,0.49,2.65
520,Bergvall,Lucas,Bergvall,TOT,MID,5.3,3,1.0,1.0,0.1,a,,,78,0,0,0,0,2.9,0.06,0.27,0.33,2.21
521,Kulusevski,Dejan,Kulusevski,TOT,MID,6.5,0,0.0,0.0,0.0,i,0,Knee injury - Unknown return date,0,0,0,0,0,0.0,0.00,0.00,0.00,0.00
522,Gray,Archie,Gray,TOT,MID,4.9,9,2.2,2.5,0.2,a,,,307,0,0,1,0,7.0,0.23,0.05,0.28,6.11
523,Moore,Mikey,Moore,TOT,MID,5.0,3,1.5,0.0,0.1,u,0,Has joined FC Köln on loan for the rest of the season,89,0,0,0,0,7.5,0.40,0.02,0.42,3.26
524,Olusesi,Callum,Olusesi,TOT,MID,4.4,0,0.0,0.0,1.0,a,,,0,0,0,0,0,0.0,0.00,0.00,0.00,0.00
525,Fernandes,Mateus,Fernandes,TOT,MID,5.7,7,1.4,2.0,0.8,a,,,249,0,0,1,0,14.6,0.19,0.28,0.47,4.43
526,Solanke,Dominic,Solanke-Mitchell,TOT,FWD,5.8,7,1.4,2.0,0.8,a,,,170,0,0,1,0,6.1,0.56,0.01,0.57,2.57
527,Richarlison,Richarlison,de Andrade,TOT,FWD,5.9,2,2.0,0.0,0.6,u,0,not included in squad.,67,0,0,0,0,0.2,0.00,0.00,0.00,3.02
528,Scarlett,Dane,Scarlett,TOT,FWD,4.5,0,0.0,0.0,1.1,u,0,Has joined Leyton Orient permanently,0,0,0,0,0,0.0,0.00,0.00,0.00,0.00
578,Mudryk,Mykhailo,Mudryk,TOT,MID,5.3,1,1.0,0.0,0.0,i,0,Ankle injury - Unknown return date,16,0,0,0,0,0.1,0.00,0.00,0.00,0.16
601,Williams-Barnett,Luca,Williams-Barnett,TOT,MID,4.5,0,0.0,0.0,0.1,a,,,0,0,0,0,0,0.0,0.00,0.00,0.00,0.00
501,Danso,Kevin,Danso,SUN,DEF,5.0,3,1.0,0.5,0.2,a,,,270,0,0,0,0,11.0,0.07,0.17,0.24,5.91
529,Roefs,Robin,Roefs,SUN,GKP,4.9,11,2.2,1.0,2.4,a,,,450,0,0,1,0,7.3,0.00,0.01,0.01,8.66
530,Patterson,Anthony,Patterson,SUN,GKP,4.0,0,0.0,0.0,0.1,u,0,Has joined Wrexham permanently,0,0,0,0,0,0.0,0.00,0.00,0.00,0.00
531,Ellborg,Melker,Ellborg,SUN,GKP,4.4,0,0.0,0.0,0.1,a,,,0,0,0,0,0,0.0,0.00,0.00,0.00,0.00
532,Ballard,Daniel,Ballard,SUN,DEF,4.9,14,2.8,1.0,2.5,d,75,Hamstring injury - 75% chance of playing,450,0,0,1,0,16.3,0.31,0.16,0.47,8.66
533,Mukiele,Nordi,Mukiele,SUN,DEF,5.4,13,3.2,0.0,1.9,a,100,,360,0,0,1,1,22.3,0.75,0.28,1.03,6.86
534,Hume,Trai,Hume,SUN,DEF,4.3,10,2.5,0.5,2.8,a,,,206,0,0,1,0,11.5,0.14,0.29,0.43,4.57
535,Alderete,Omar,Alderete,SUN,DEF,4.8,1,1.0,0.0,0.2,a,100,,23,0,0,0,0,0.0,0.00,0.01,0.01,0.10
536,Reinildo,Reinildo,Mandava,SUN,DEF,4.4,7,1.8,-1.0,0.3,a,100,,360,0,0,1,0,9.5,0.00,0.32,0.32,5.05
537,Seelt,Jenson,Seelt,SUN,DEF,4.5,0,0.0,0.0,0.0,u,0,Has joined Swansea City on loan for the rest of the season,0,0,0,0,0,0.0,0.00,0.00,0.00,0.00
538,Hjelde,Leo Fuhr,Hjelde,SUN,DEF,4.0,0,0.0,0.0,0.0,u,0,Has joined KV Mechelen on loan for the rest of the season,0,0,0,0,0,0.0,0.00,0.00,0.00,0.00
539,O'Nien,Luke,O'Nien,SUN,DEF,3.9,1,1.0,0.0,2.5,a,,,66,0,0,0,0,1.7,0.01,0.01,0.02,1.69
540,Masuaku,Arthur,Masuaku,SUN,DEF,4.0,0,0.0,0.0,0.1,u,0,Has joined Konyaspor permanently,0,0,0,0,0,0.0,0.00,0.00,0.00,0.00
541,Meunier,Thomas,Meunier,SUN,DEF,4.5,14,2.8,2.5,0.3,a,100,,396,0,1,1,0,15.6,0.34,0.58,0.92,5.94
542,E.Le Fée,Enzo,Le Fée,SUN,MID,5.7,18,3.6,2.5,3.3,a,,,438,1,1,1,1,31.0,2.06,1.34,3.40,8.46
543,Diarra,Habib,Diarra,SUN,MID,5.3,5,2.5,0.0,0.0,i,0,Hamstring injury - Unknown return date,28,0,1,0,0,2.9,0.03,0.16,0.19,0.12
544,Xhaka,Granit,Xhaka,SUN,MID,5.5,21,4.2,1.5,3.6,a,,,450,0,1,1,5,28.8,0.06,1.32,1.38,8.66
545,Sadiki,Noah,Sadiki,SUN,MID,4.9,10,2.0,2.0,0.2,a,,,410,0,0,1,0,19.2,0.44,0.24,0.68,6.47
546,Adingra,Simon,Adingra,SUN,MID,4.9,0,0.0,0.0,0.0,u,0,Has joined Ajax on loan for the rest of the season,0,0,0,0,0,0.0,0.00,0.00,0.00,0.00
547,Mundle,Romaine,Mundle,SUN,MID,4.9,1,1.0,0.0,0.0,i,0,Knee injury - Unknown return date,1,0,0,0,0,2.5,0.17,0.00,0.17,0.09
548,Rigg,Chris,Rigg,SUN,MID,4.9,2,1.0,0.0,0.0,a,,,17,0,0,0,0,0.0,0.00,0.00,0.00,0.44
549,Talbi,Chemsdine,Talbi,SUN,MID,5.3,1,1.0,0.0,0.1,a,,,31,0,0,0,0,0.0,0.00,0.00,0.00,0.14
550,Jocelin.T,Djiamgone Jocelin Ta,Bi,SUN,MID,5.0,0,0.0,0.0,0.0,a,,,0,0,0,0,0,0.0,0.00,0.00,0.00,0.00
551,N.Angulo,Nilson,Angulo,SUN,MID,5.0,16,3.2,3.0,0.1,a,,,313,1,1,1,0,15.7,0.60,0.13,0.73,4.56
552,Brobbey,Brian,Brobbey,SUN,FWD,5.7,24,4.8,9.0,6.9,d,75,Hamstring injury - 75% chance of playing,399,3,0,1,3,31.7,2.94,0.11,3.05,8.18
553,Isidor,Wilson,Isidor,SUN,FWD,5.5,15,3.0,1.0,1.3,a,,,117,1,1,0,3,6.7,1.49,0.01,1.50,3.78
612,Methalie,Dayann,Méthalie,SUN,DEF,4.5,-1,-1.0,-0.5,0.0,a,100,,90,0,0,0,0,1.2,0.03,0.01,0.04,2.82
613,Ahoka,Jules,Ahoka,SUN,MID,4.5,0,0.0,0.0,0.2,a,,,0,0,0,0,0,0.0,0.00,0.00,0.00,0.00
646,Fofana,Malick,Fofana,SUN,MID,5.5,3,1.0,1.0,0.0,a,,,60,0,0,0,0,5.8,0.39,0.01,0.40,3.25
651,J.Angulo,Juan,Angulo,SUN,FWD,4.5,0,0.0,0.0,0.7,a,,,0,0,0,0,0,0.0,0.00,0.00,0.00,0.00
